,orders
0,"{'orderId': '2473600230', 'dateTimeOrderPlaced': '2019-08-07T10:39:32+02:00', 'orderItems': [{'orderItemId': '2282518674', 'ean': '0669145852648', 'cancelRequest': False, 'quantity': 2}]}"
1,"{'orderId': '2473597240', 'dateTimeOrderPlaced': '2019-08-07T10:35:51+02:00', 'orderItems': [{'orderItemId': '2282516930', 'ean': '0669145852280', 'cancelRequest': False, 'quantity': 1}]}"
2,"{'orderId': '2473579670', 'dateTimeOrderPlaced': '2019-08-07T10:28:03+02:00', 'orderItems': [{'orderItemId': '2282513058', 'ean': '0649106504809', 'cancelRequest': False, 'quantity': 1}]}"
3,"{'orderId': '2473583630', 'dateTimeOrderPlaced': '2019-08-07T10:26:44+02:00', 'orderItems': [{'orderItemId': '2282512351', 'ean': '0649106503529', 'cancelRequest': False, 'quantity': 1}, {'orderItemId': '2282512350', 'ean': '0649106503536', 'cancelRequest': False, 'quantity': 1}]}"
4,"{'orderId': '2473549450', 'dateTimeOrderPlaced': '2019-08-07T10:07:34+02:00', 'orderItems': [{'orderItemId': '2282503027', 'ean': '0649106503543', 'cancelRequest': False, 'quantity': 1}]}"
5,"{'orderId': '2473507320', 'dateTimeOrderPlaced': '2019-08-07T09:40:40+02:00', 'orderItems': [{'orderItemId': '2282491386', 'ean': '0649106506407', 'cancelRequest': False, 'quantity': 2}]}"
6,"{'orderId': '2473458040', 'dateTimeOrderPlaced': '2019-08-07T09:03:20+02:00', 'orderItems': [{'orderItemId': '2282477885', 'ean': '0669145852556', 'cancelRequest': False, 'quantity': 1}]}"
7,"{'orderId': '2473433240', 'dateTimeOrderPlaced': '2019-08-07T08:39:50+02:00', 'orderItems': [{'orderItemId': '2282471019', 'ean': '0669145853058', 'cancelRequest': False, 'quantity': 1}]}"
8,"{'orderId': '2473426830', 'dateTimeOrderPlaced': '2019-08-07T08:33:22+02:00', 'orderItems': [{'orderItemId': '2282469361', 'ean': '0669145853058', 'cancelRequest': False, 'quantity': 1}]}"
9,"{'orderId': '2473426120', 'dateTimeOrderPlaced': '2019-08-07T08:31:45+02:00', 'orderItems': [{'orderItemId': '2282468941', 'ean': '0669145853041', 'cancelRequest': False, 'quantity': 1}]}"
10,"{'orderId': '2473424640', 'dateTimeOrderPlaced': '2019-08-07T08:31:39+02:00', 'orderItems': [{'orderItemId': '2282468920', 'ean': '0669145853010', 'cancelRequest': False, 'quantity': 1}]}"
11,"{'orderId': '2473423760', 'dateTimeOrderPlaced': '2019-08-07T08:30:24+02:00', 'orderItems': [{'orderItemId': '2282468639', 'ean': '0649106505134', 'cancelRequest': False, 'quantity': 1}]}"
12,"{'orderId': '2473421180', 'dateTimeOrderPlaced': '2019-08-07T08:27:49+02:00', 'orderItems': [{'orderItemId': '2282467981', 'ean': '0649106509927', 'cancelRequest': False, 'quantity': 1}]}"
13,"{'orderId': '2473420950', 'dateTimeOrderPlaced': '2019-08-07T08:26:30+02:00', 'orderItems': [{'orderItemId': '2282467685', 'ean': '0669145853065', 'cancelRequest': False, 'quantity': 1}]}"
14,"{'orderId': '2473394150', 'dateTimeOrderPlaced': '2019-08-07T07:45:11+02:00', 'orderItems': [{'orderItemId': '2282460445', 'ean': '0669145852785', 'cancelRequest': False, 'quantity': 1}]}"
15,"{'orderId': '2473377470', 'dateTimeOrderPlaced': '2019-08-07T03:06:28+02:00', 'orderItems': [{'orderItemId': '2282456199', 'ean': '0669145853065', 'cancelRequest': False, 'quantity': 1}]}"
16,"{'orderId': '2472577970', 'dateTimeOrderPlaced': '2019-08-07T01:12:45+02:00', 'orderItems': [{'orderItemId': '2282451897', 'ean': '0649106509897', 'cancelRequest': False, 'quantity': 1}]}"
17,"{'orderId': '2473354160', 'dateTimeOrderPlaced': '2019-08-07T00:44:58+02:00', 'orderItems': [{'orderItemId': '2282449316', 'ean': '0669145852792', 'cancelRequest': False, 'quantity': 1}]}"
18,"{'orderId': '2473342080', 'dateTimeOrderPlaced': '2019-08-07T00:18:29+02:00', 'orderItems': [{'orderItemId': '2282446014', 'ean': '0669145852648', 'cancelRequest': False, 'quantity': 2}]}"
19,"{'orderId': '2473333080', 'dateTimeOrderPlaced': '2019-08-07T00:02:21+02:00', 'orderItems': [{'orderItemId': '2282443308', 'ean': '0669145852006', 'cancelRequest': False, 'quantity': 1}]}"
20,"{'orderId': '2473323030', 'dateTimeOrderPlaced': '2019-08-06T23:51:33+02:00', 'orderItems': [{'orderItemId': '2282440136', 'ean': '0669145851740', 'cancelRequest': False, 'quantity': 1}]}"
21,"{'orderId': '2473273140', 'dateTimeOrderPlaced': '2019-08-06T23:15:01+02:00', 'orderItems': [{'orderItemId': '2282426248', 'ean': '0669145853041', 'cancelRequest': False, 'quantity': 1}]}"
22,"{'orderId': '2473204620', 'dateTimeOrderPlaced': '2019-08-06T22:35:05+02:00', 'orderItems': [{'orderItemId': '2282403694', 'ean': '0649106508401', 'cancelRequest': False, 'quantity': 1}]}"
23,"{'orderId': '2473176990', 'dateTimeOrderPlaced': '2019-08-06T22:21:08+02:00', 'orderItems': [{'orderItemId': '2282394050', 'ean': '0649106505158', 'cancelRequest': False, 'quantity': 1}]}"
24,"{'orderId': '2473144510', 'dateTimeOrderPlaced': '2019-08-06T22:07:14+02:00', 'orderItems': [{'orderItemId': '2282383680', 'ean': '0669145852792', 'cancelRequest': False, 'quantity': 1}]}"
25,"{'orderId': '2473126840', 'dateTimeOrderPlaced': '2019-08-06T22:01:18+02:00', 'orderItems': [{'orderItemId': '2282379294', 'ean': '0669145852792', 'cancelRequest': False, 'quantity': 1}]}"
26,"{'orderId': '2473118920', 'dateTimeOrderPlaced': '2019-08-06T21:58:40+02:00', 'orderItems': [{'orderItemId': '2282377250', 'ean': '0669145852488', 'cancelRequest': False, 'quantity': 1}]}"
27,"{'orderId': '2473102010', 'dateTimeOrderPlaced': '2019-08-06T21:52:30+02:00', 'orderItems': [{'orderItemId': '2282372307', 'ean': '0669145851740', 'cancelRequest': False, 'quantity': 1}]}"
28,"{'orderId': '2472984550', 'dateTimeOrderPlaced': '2019-08-06T21:05:02+02:00', 'orderItems': [{'orderItemId': '2282334878', 'ean': '0649106510176', 'cancelRequest': False, 'quantity': 1}]}"
29,"{'orderId': '2472982470', 'dateTimeOrderPlaced': '2019-08-06T21:04:34+02:00', 'orderItems': [{'orderItemId': '2282334574', 'ean': '0669145852020', 'cancelRequest': False, 'quantity': 1}]}"
30,"{'orderId': '2472972820', 'dateTimeOrderPlaced': '2019-08-06T20:59:55+02:00', 'orderItems': [{'orderItemId': '2282330765', 'ean': '0669145853041', 'cancelRequest': False, 'quantity': 1}, {'orderItemId': '2282330764', 'ean': '0649106504656', 'cancelRequest': False, 'quantity': 1}]}"
31,"{'orderId': '2448750390', 'dateTimeOrderPlaced': '2019-08-06T20:58:52+02:00', 'orderItems': [{'orderItemId': '2282329932', 'ean': '0649106504878', 'cancelRequest': False, 'quantity': 1}]}"
32,"{'orderId': '2472954090', 'dateTimeOrderPlaced': '2019-08-06T20:54:13+02:00', 'orderItems': [{'orderItemId': '2282326258', 'ean': '0669145853034', 'cancelRequest': False, 'quantity': 1}]}"
33,"{'orderId': '2472948920', 'dateTimeOrderPlaced': '2019-08-06T20:50:42+02:00', 'orderItems': [{'orderItemId': '2282323587', 'ean': '0669145852266', 'cancelRequest': True, 'quantity': 1}]}"
34,"{'orderId': '2472901940', 'dateTimeOrderPlaced': '2019-08-06T20:35:47+02:00', 'orderItems': [{'orderItemId': '2282312528', 'ean': '0649106505226', 'cancelRequest': False, 'quantity': 1}]}"
35,"{'orderId': '2472900450', 'dateTimeOrderPlaced': '2019-08-06T20:31:31+02:00', 'orderItems': [{'orderItemId': '2282309402', 'ean': '0649106508104', 'cancelRequest': False, 'quantity': 1}]}"
36,"{'orderId': '2472877760', 'dateTimeOrderPlaced': '2019-08-06T20:22:29+02:00', 'orderItems': [{'orderItemId': '2282302676', 'ean': '0669145853034', 'cancelRequest': False, 'quantity': 1}]}"
37,"{'orderId': '2472859170', 'dateTimeOrderPlaced': '2019-08-06T20:14:10+02:00', 'orderItems': [{'orderItemId': '2282296900', 'ean': '0669145851955', 'cancelRequest': False, 'quantity': 2}]}"
38,"{'orderId': '2472804710', 'dateTimeOrderPlaced': '2019-08-06T19:52:02+02:00', 'orderItems': [{'orderItemId': '2282282194', 'ean': '0649106504656', 'cancelRequest': False, 'quantity': 1}]}"
39,"{'orderId': '2472795720', 'dateTimeOrderPlaced': '2019-08-06T19:46:35+02:00', 'orderItems': [{'orderItemId': '2282278567', 'ean': '0669145852532', 'cancelRequest': False, 'quantity': 1}]}"
40,"{'orderId': '2472713930', 'dateTimeOrderPlaced': '2019-08-06T19:44:44+02:00', 'orderItems': [{'orderItemId': '2282277405', 'ean': '0649106503598', 'cancelRequest': False, 'quantity': 1}]}"
41,"{'orderId': '2472792800', 'dateTimeOrderPlaced': '2019-08-06T19:44:38+02:00', 'orderItems': [{'orderItemId': '2282277337', 'ean': '0649106505646', 'cancelRequest': False, 'quantity': 1}]}"
42,"{'orderId': '2472781370', 'dateTimeOrderPlaced': '2019-08-06T19:40:53+02:00', 'orderItems': [{'orderItemId': '2282275091', 'ean': '0649106503536', 'cancelRequest': True, 'quantity': 1}]}"
43,"{'orderId': '2472774940', 'dateTimeOrderPlaced': '2019-08-06T19:37:35+02:00', 'orderItems': [{'orderItemId': '2282273121', 'ean': '0669145853058', 'cancelRequest': False, 'quantity': 1}]}"
44,"{'orderId': '2472777370', 'dateTimeOrderPlaced': '2019-08-06T19:36:58+02:00', 'orderItems': [{'orderItemId': '2282272713', 'ean': '0669145853058', 'cancelRequest': False, 'quantity': 1}]}"
45,"{'orderId': '2472775970', 'dateTimeOrderPlaced': '2019-08-06T19:36:46+02:00', 'orderItems': [{'orderItemId': '2282272595', 'ean': '0669145852495', 'cancelRequest': False, 'quantity': 1}]}"
46,"{'orderId': '2472770350', 'dateTimeOrderPlaced': '2019-08-06T19:33:50+02:00', 'orderItems': [{'orderItemId': '2282270909', 'ean': '0669145852648', 'cancelRequest': False, 'quantity': 1}]}"
47,"{'orderId': '2472763560', 'dateTimeOrderPlaced': '2019-08-06T19:30:52+02:00', 'orderItems': [{'orderItemId': '2282269089', 'ean': '0669145851740', 'cancelRequest': False, 'quantity': 1}]}"
48,"{'orderId': '2470815940', 'dateTimeOrderPlaced': '2019-08-06T19:09:15+02:00', 'orderItems': [{'orderItemId': '2282256647', 'ean': '0669145851986', 'cancelRequest': False, 'quantity': 1}]}"
49,"{'orderId': '2472719290', 'dateTimeOrderPlaced': '2019-08-06T19:08:17+02:00', 'orderItems': [{'orderItemId': '2282256113', 'ean': '0669145852525', 'cancelRequest': False, 'quantity': 1}]}"
50,"{'orderId': '2472713050', 'dateTimeOrderPlaced': '2019-08-06T19:07:43+02:00', 'orderItems': [{'orderItemId': '2282255873', 'ean': '0669145853041', 'cancelRequest': False, 'quantity': 1}]}"
51,"{'orderId': '2472714130', 'dateTimeOrderPlaced': '2019-08-06T19:07:24+02:00', 'orderItems': [{'orderItemId': '2282255696', 'ean': '0649106511234', 'cancelRequest': False, 'quantity': 1}]}"
52,"{'orderId': '2472712160', 'dateTimeOrderPlaced': '2019-08-06T19:04:17+02:00', 'orderItems': [{'orderItemId': '2282254013', 'ean': '0649106511302', 'cancelRequest': False, 'quantity': 1}]}"
53,"{'orderId': '2472699160', 'dateTimeOrderPlaced': '2019-08-06T18:57:46+02:00', 'orderItems': [{'orderItemId': '2282250489', 'ean': '0649106504663', 'cancelRequest': False, 'quantity': 1}]}"
54,"{'orderId': '2472656540', 'dateTimeOrderPlaced': '2019-08-06T18:35:58+02:00', 'orderItems': [{'orderItemId': '2282238642', 'ean': '0669145852518', 'cancelRequest': True, 'quantity': 1}]}"
55,"{'orderId': '2472641910', 'dateTimeOrderPlaced': '2019-08-06T18:26:38+02:00', 'orderItems': [{'orderItemId': '2282233924', 'ean': '0669145852785', 'cancelRequest': False, 'quantity': 1}]}"
56,"{'orderId': '2472351450', 'dateTimeOrderPlaced': '2019-08-06T18:15:13+02:00', 'orderItems': [{'orderItemId': '2282228240', 'ean': '0669145853065', 'cancelRequest': False, 'quantity': 1}]}"
57,"{'orderId': '2472618910', 'dateTimeOrderPlaced': '2019-08-06T18:12:34+02:00', 'orderItems': [{'orderItemId': '2282226970', 'ean': '0649106510084', 'cancelRequest': False, 'quantity': 1}]}"
58,"{'orderId': '2472586210', 'dateTimeOrderPlaced': '2019-08-06T18:05:20+02:00', 'orderItems': [{'orderItemId': '2282223730', 'ean': '0649106510084', 'cancelRequest': True, 'quantity': 1}]}"
59,"{'orderId': '2472587050', 'dateTimeOrderPlaced': '2019-08-06T17:53:25+02:00', 'orderItems': [{'orderItemId': '2282218071', 'ean': '0669145852006', 'cancelRequest': False, 'quantity': 1}]}"
60,"{'orderId': '2472565420', 'dateTimeOrderPlaced': '2019-08-06T17:42:35+02:00', 'orderItems': [{'orderItemId': '2282212661', 'ean': '0669145852532', 'cancelRequest': False, 'quantity': 1}]}"
61,"{'orderId': '2472567310', 'dateTimeOrderPlaced': '2019-08-06T17:42:15+02:00', 'orderItems': [{'orderItemId': '2282212457', 'ean': '0649106503543', 'cancelRequest': False, 'quantity': 1}]}"
62,"{'orderId': '2472552140', 'dateTimeOrderPlaced': '2019-08-06T17:35:06+02:00', 'orderItems': [{'orderItemId': '2282208783', 'ean': '0669145853058', 'cancelRequest': False, 'quantity': 1}]}"
63,"{'orderId': '2472542060', 'dateTimeOrderPlaced': '2019-08-06T17:28:37+02:00', 'orderItems': [{'orderItemId': '2282205192', 'ean': '0669145852235', 'cancelRequest': False, 'quantity': 1}]}"
64,"{'orderId': '2471967530', 'dateTimeOrderPlaced': '2019-08-06T17:27:55+02:00', 'orderItems': [{'orderItemId': '2282204839', 'ean': '0669145853065', 'cancelRequest': False, 'quantity': 1}]}"
65,"{'orderId': '2472534110', 'dateTimeOrderPlaced': '2019-08-06T17:24:29+02:00', 'orderItems': [{'orderItemId': '2282203201', 'ean': '0669145852518', 'cancelRequest': False, 'quantity': 1}]}"
66,"{'orderId': '2472515300', 'dateTimeOrderPlaced': '2019-08-06T17:15:08+02:00', 'orderItems': [{'orderItemId': '2282198372', 'ean': '0669145851689', 'cancelRequest': False, 'quantity': 2}]}"
67,"{'orderId': '2472444110', 'dateTimeOrderPlaced': '2019-08-06T16:36:46+02:00', 'orderItems': [{'orderItemId': '2282177685', 'ean': '0649106509330', 'cancelRequest': False, 'quantity': 1}]}"
68,"{'orderId': '2472431860', 'dateTimeOrderPlaced': '2019-08-06T16:28:42+02:00', 'orderItems': [{'orderItemId': '2282173319', 'ean': '0649106504717', 'cancelRequest': False, 'quantity': 1}]}"
69,"{'orderId': '2472412560', 'dateTimeOrderPlaced': '2019-08-06T16:19:30+02:00', 'orderItems': [{'orderItemId': '2282168241', 'ean': '0669145853041', 'cancelRequest': False, 'quantity': 1}]}"
70,"{'orderId': '2472391020', 'dateTimeOrderPlaced': '2019-08-06T16:11:44+02:00', 'orderItems': [{'orderItemId': '2282164222', 'ean': '0649106506506', 'cancelRequest': False, 'quantity': 1}]}"
71,"{'orderId': '2472387930', 'dateTimeOrderPlaced': '2019-08-06T16:05:12+02:00', 'orderItems': [{'orderItemId': '2282160647', 'ean': '0669145853065', 'cancelRequest': False, 'quantity': 1}]}"
72,"{'orderId': '2472375020', 'dateTimeOrderPlaced': '2019-08-06T15:58:53+02:00', 'orderItems': [{'orderItemId': '2282157276', 'ean': '0669145851740', 'cancelRequest': False, 'quantity': 1}]}"
73,"{'orderId': '2472345700', 'dateTimeOrderPlaced': '2019-08-06T15:44:34+02:00', 'orderItems': [{'orderItemId': '2282149174', 'ean': '0669145856684', 'cancelRequest': False, 'quantity': 1}, {'orderItemId': '2282149173', 'ean': '0649106504878', 'cancelRequest': False, 'quantity': 1}]}"
74,"{'orderId': '2472343380', 'dateTimeOrderPlaced': '2019-08-06T15:41:11+02:00', 'orderItems': [{'orderItemId': '2282147417', 'ean': '0669145852792', 'cancelRequest': False, 'quantity': 1}]}"
75,"{'orderId': '2472338830', 'dateTimeOrderPlaced': '2019-08-06T15:38:55+02:00', 'orderItems': [{'orderItemId': '2282146126', 'ean': '0669145852785', 'cancelRequest': False, 'quantity': 1}]}"
76,"{'orderId': '2472321760', 'dateTimeOrderPlaced': '2019-08-06T15:30:37+02:00', 'orderItems': [{'orderItemId': '2282141971', 'ean': '0669145852518', 'cancelRequest': False, 'quantity': 1}]}"
77,"{'orderId': '2472304450', 'dateTimeOrderPlaced': '2019-08-06T15:20:07+02:00', 'orderItems': [{'orderItemId': '2282136155', 'ean': '0669145852518', 'cancelRequest': False, 'quantity': 1}]}"
78,"{'orderId': '2472286440', 'dateTimeOrderPlaced': '2019-08-06T15:11:06+02:00', 'orderItems': [{'orderItemId': '2282131351', 'ean': '0669145852518', 'cancelRequest': False, 'quantity': 1}]}"
79,"{'orderId': '2450974370', 'dateTimeOrderPlaced': '2019-08-06T15:03:25+02:00', 'orderItems': [{'orderItemId': '2282127188', 'ean': '0669145851689', 'cancelRequest': False, 'quantity': 1}, {'orderItemId': '2282127185', 'ean': '0669145853034', 'cancelRequest': False, 'quantity': 1}, {'orderItemId': '2282127183', 'ean': '0649106504793', 'cancelRequest': False, 'quantity': 1}]}"
80,"{'orderId': '2472263290', 'dateTimeOrderPlaced': '2019-08-06T14:58:56+02:00', 'orderItems': [{'orderItemId': '2282124673', 'ean': '0669145852518', 'cancelRequest': False, 'quantity': 1}]}"
81,"{'orderId': '2472222730', 'dateTimeOrderPlaced': '2019-08-06T14:37:13+02:00', 'orderItems': [{'orderItemId': '2282112810', 'ean': '0669145852518', 'cancelRequest': False, 'quantity': 1}]}"
82,"{'orderId': '2472222450', 'dateTimeOrderPlaced': '2019-08-06T14:37:00+02:00', 'orderItems': [{'orderItemId': '2282112730', 'ean': '0669145852785', 'cancelRequest': False, 'quantity': 1}]}"
83,"{'orderId': '2472205300', 'dateTimeOrderPlaced': '2019-08-06T14:27:00+02:00', 'orderItems': [{'orderItemId': '2282107468', 'ean': '0669145852808', 'cancelRequest': True, 'quantity': 1}]}"
84,"{'orderId': '2472199260', 'dateTimeOrderPlaced': '2019-08-06T14:24:17+02:00', 'orderItems': [{'orderItemId': '2282105942', 'ean': '0649106504823', 'cancelRequest': False, 'quantity': 1}]}"
85,"{'orderId': '2472193330', 'dateTimeOrderPlaced': '2019-08-06T14:20:56+02:00', 'orderItems': [{'orderItemId': '2282104211', 'ean': '0669145852792', 'cancelRequest': False, 'quantity': 1}]}"
86,"{'orderId': '2472134140', 'dateTimeOrderPlaced': '2019-08-06T13:50:08+02:00', 'orderItems': [{'orderItemId': '2282086921', 'ean': '0669145852280', 'cancelRequest': False, 'quantity': 1}]}"
87,"{'orderId': '2472121510', 'dateTimeOrderPlaced': '2019-08-06T13:44:07+02:00', 'orderItems': [{'orderItemId': '2282083501', 'ean': '0669145852488', 'cancelRequest': False, 'quantity': 2}]}"
88,"{'orderId': '2472015810', 'dateTimeOrderPlaced': '2019-08-06T13:03:20+02:00', 'orderItems': [{'orderItemId': '2282061380', 'ean': '0649106511470', 'cancelRequest': False, 'quantity': 1}]}"
89,"{'orderId': '2472011390', 'dateTimeOrderPlaced': '2019-08-06T12:55:27+02:00', 'orderItems': [{'orderItemId': '2282057261', 'ean': '0649106511197', 'cancelRequest': False, 'quantity': 1}]}"
90,"{'orderId': '2358460140', 'dateTimeOrderPlaced': '2019-08-06T12:46:30+02:00', 'orderItems': [{'orderItemId': '2282052385', 'ean': '0649106505332', 'cancelRequest': False, 'quantity': 1}]}"
91,"{'orderId': '2471984900', 'dateTimeOrderPlaced': '2019-08-06T12:28:56+02:00', 'orderItems': [{'orderItemId': '2282043919', 'ean': '0669145852532', 'cancelRequest': False, 'quantity': 1}]}"
92,"{'orderId': '2471972520', 'dateTimeOrderPlaced': '2019-08-06T12:20:46+02:00', 'orderItems': [{'orderItemId': '2282039729', 'ean': '0669145852563', 'cancelRequest': False, 'quantity': 1}]}"
93,"{'orderId': '2458645250', 'dateTimeOrderPlaced': '2019-08-06T12:08:36+02:00', 'orderItems': [{'orderItemId': '2282033615', 'ean': '0669145852341', 'cancelRequest': False, 'quantity': 1}]}"
94,"{'orderId': '2471885320', 'dateTimeOrderPlaced': '2019-08-06T11:51:37+02:00', 'orderItems': [{'orderItemId': '2282024644', 'ean': '0649106505158', 'cancelRequest': False, 'quantity': 1}]}"
95,"{'orderId': '2471888030', 'dateTimeOrderPlaced': '2019-08-06T11:38:22+02:00', 'orderItems': [{'orderItemId': '2282017082', 'ean': '0669145852785', 'cancelRequest': True, 'quantity': 1}]}"
96,"{'orderId': '2471888760', 'dateTimeOrderPlaced': '2019-08-06T11:35:02+02:00', 'orderItems': [{'orderItemId': '2282015412', 'ean': '0669145852594', 'cancelRequest': False, 'quantity': 1}]}"
97,"{'orderId': '2471888970', 'dateTimeOrderPlaced': '2019-08-06T11:34:54+02:00', 'orderItems': [{'orderItemId': '2282015336', 'ean': '0649106505202', 'cancelRequest': False, 'quantity': 1}]}"
98,"{'orderId': '2471864690', 'dateTimeOrderPlaced': '2019-08-06T11:22:06+02:00', 'orderItems': [{'orderItemId': '2282008962', 'ean': '0649106504823', 'cancelRequest': False, 'quantity': 1}]}"
99,"{'orderId': '2471858720', 'dateTimeOrderPlaced': '2019-08-06T11:17:48+02:00', 'orderItems': [{'orderItemId': '2282006880', 'ean': '0669145852518', 'cancelRequest': False, 'quantity': 1}]}"
100,"{'orderId': '2471830500', 'dateTimeOrderPlaced': '2019-08-06T11:02:01+02:00', 'orderItems': [{'orderItemId': '2281998963', 'ean': '0669145856677', 'cancelRequest': False, 'quantity': 1}]}"
101,"{'orderId': '2471787390', 'dateTimeOrderPlaced': '2019-08-06T10:40:43+02:00', 'orderItems': [{'orderItemId': '2281988510', 'ean': '0669145852532', 'cancelRequest': False, 'quantity': 1}]}"
102,"{'orderId': '2471776430', 'dateTimeOrderPlaced': '2019-08-06T10:35:39+02:00', 'orderItems': [{'orderItemId': '2281985896', 'ean': '0649106504793', 'cancelRequest': False, 'quantity': 1}]}"
103,"{'orderId': '2470969320', 'dateTimeOrderPlaced': '2019-08-06T10:35:19+02:00', 'orderItems': [{'orderItemId': '2281985698', 'ean': '0649106504656', 'cancelRequest': False, 'quantity': 1}]}"
104,"{'orderId': '2463929060', 'dateTimeOrderPlaced': '2019-08-06T10:18:35+02:00', 'orderItems': [{'orderItemId': '2281977783', 'ean': '0669145852495', 'cancelRequest': False, 'quantity': 1}]}"
105,"{'orderId': '2471725000', 'dateTimeOrderPlaced': '2019-08-06T10:01:17+02:00', 'orderItems': [{'orderItemId': '2281970037', 'ean': '0669145852532', 'cancelRequest': False, 'quantity': 1}]}"
106,"{'orderId': '2471712640', 'dateTimeOrderPlaced': '2019-08-06T09:49:36+02:00', 'orderItems': [{'orderItemId': '2281965166', 'ean': '0649106504793', 'cancelRequest': False, 'quantity': 1}]}"
107,"{'orderId': '2471684530', 'dateTimeOrderPlaced': '2019-08-06T09:28:07+02:00', 'orderItems': [{'orderItemId': '2281956932', 'ean': '0669145852525', 'cancelRequest': False, 'quantity': 1}]}"
108,"{'orderId': '2470839270', 'dateTimeOrderPlaced': '2019-08-06T09:10:59+02:00', 'orderItems': [{'orderItemId': '2281951012', 'ean': '0649106504656', 'cancelRequest': False, 'quantity': 1}]}"
109,"{'orderId': '2471646240', 'dateTimeOrderPlaced': '2019-08-06T08:56:14+02:00', 'orderItems': [{'orderItemId': '2281946120', 'ean': '0649106511081', 'cancelRequest': False, 'quantity': 1}]}"
110,"{'orderId': '2471614400', 'dateTimeOrderPlaced': '2019-08-06T08:22:37+02:00', 'orderItems': [{'orderItemId': '2281937324', 'ean': '0669145853041', 'cancelRequest': False, 'quantity': 1}]}"
111,"{'orderId': '2471605420', 'dateTimeOrderPlaced': '2019-08-06T08:10:32+02:00', 'orderItems': [{'orderItemId': '2281934694', 'ean': '0649106510121', 'cancelRequest': False, 'quantity': 1}]}"
112,"{'orderId': '2463738810', 'dateTimeOrderPlaced': '2019-08-06T07:49:28+02:00', 'orderItems': [{'orderItemId': '2281930714', 'ean': '0649106504670', 'cancelRequest': False, 'quantity': 1}]}"
113,"{'orderId': '2433998800', 'dateTimeOrderPlaced': '2019-08-06T00:59:13+02:00', 'orderItems': [{'orderItemId': '2281913401', 'ean': '0669145852525', 'cancelRequest': False, 'quantity': 1}]}"
114,"{'orderId': '2471510770', 'dateTimeOrderPlaced': '2019-08-06T00:08:22+02:00', 'orderItems': [{'orderItemId': '2281907127', 'ean': '0669145852792', 'cancelRequest': False, 'quantity': 1}]}"
115,"{'orderId': '2471476320', 'dateTimeOrderPlaced': '2019-08-05T23:43:49+02:00', 'orderItems': [{'orderItemId': '2281899766', 'ean': '0669145852792', 'cancelRequest': False, 'quantity': 2}]}"
116,"{'orderId': '2471438740', 'dateTimeOrderPlaced': '2019-08-05T23:08:17+02:00', 'orderItems': [{'orderItemId': '2281884420', 'ean': '0649106505158', 'cancelRequest': False, 'quantity': 1}]}"
117,"{'orderId': '2471427140', 'dateTimeOrderPlaced': '2019-08-05T22:59:57+02:00', 'orderItems': [{'orderItemId': '2281880038', 'ean': '0649106504908', 'cancelRequest': False, 'quantity': 1}]}"
118,"{'orderId': '2471387500', 'dateTimeOrderPlaced': '2019-08-05T22:39:21+02:00', 'orderItems': [{'orderItemId': '2281867576', 'ean': '0669145852792', 'cancelRequest': False, 'quantity': 1}]}"
119,"{'orderId': '2471354650', 'dateTimeOrderPlaced': '2019-08-05T22:25:35+02:00', 'orderItems': [{'orderItemId': '2281858442', 'ean': '0669145852563', 'cancelRequest': False, 'quantity': 1}]}"
120,"{'orderId': '2447568100', 'dateTimeOrderPlaced': '2019-08-05T22:18:29+02:00', 'orderItems': [{'orderItemId': '2281853351', 'ean': '0669145852495', 'cancelRequest': False, 'quantity': 1}]}"
121,"{'orderId': '2471270470', 'dateTimeOrderPlaced': '2019-08-05T21:50:22+02:00', 'orderItems': [{'orderItemId': '2281831339', 'ean': '0669145851740', 'cancelRequest': False, 'quantity': 1}]}"
122,"{'orderId': '2471267340', 'dateTimeOrderPlaced': '2019-08-05T21:48:51+02:00', 'orderItems': [{'orderItemId': '2281829947', 'ean': '0649106507787', 'cancelRequest': False, 'quantity': 1}]}"
123,"{'orderId': '2471180400', 'dateTimeOrderPlaced': '2019-08-05T21:16:52+02:00', 'orderItems': [{'orderItemId': '2281803294', 'ean': '0649106505196', 'cancelRequest': False, 'quantity': 1}, {'orderItemId': '2281803293', 'ean': '0649106505233', 'cancelRequest': False, 'quantity': 1}]}"
124,"{'orderId': '2470997470', 'dateTimeOrderPlaced': '2019-08-05T20:51:30+02:00', 'orderItems': [{'orderItemId': '2281782736', 'ean': '0669145856691', 'cancelRequest': False, 'quantity': 1}, {'orderItemId': '2281782735', 'ean': '0649106504885', 'cancelRequest': False, 'quantity': 1}]}"
125,"{'orderId': '2471059530', 'dateTimeOrderPlaced': '2019-08-05T20:31:58+02:00', 'orderItems': [{'orderItemId': '2281767361', 'ean': '0649106505295', 'cancelRequest': False, 'quantity': 1}]}"
126,"{'orderId': '2471049050', 'dateTimeOrderPlaced': '2019-08-05T20:25:18+02:00', 'orderItems': [{'orderItemId': '2281762199', 'ean': '0669145851740', 'cancelRequest': False, 'quantity': 1}]}"
127,"{'orderId': '2471043680', 'dateTimeOrderPlaced': '2019-08-05T20:23:41+02:00', 'orderItems': [{'orderItemId': '2281760960', 'ean': '0649106505325', 'cancelRequest': False, 'quantity': 1}]}"
128,"{'orderId': '2471027680', 'dateTimeOrderPlaced': '2019-08-05T20:16:51+02:00', 'orderItems': [{'orderItemId': '2281789487', 'ean': '0669145852785', 'cancelRequest': False, 'quantity': 1}]}"
129,"{'orderId': '2470975570', 'dateTimeOrderPlaced': '2019-08-05T19:56:33+02:00', 'orderItems': [{'orderItemId': '2281741359', 'ean': '0649106506452', 'cancelRequest': False, 'quantity': 2}]}"
130,"{'orderId': '2358227070', 'dateTimeOrderPlaced': '2019-08-05T19:44:16+02:00', 'orderItems': [{'orderItemId': '2281732768', 'ean': '0649106510176', 'cancelRequest': False, 'quantity': 1}]}"
131,"{'orderId': '2470924720', 'dateTimeOrderPlaced': '2019-08-05T19:34:10+02:00', 'orderItems': [{'orderItemId': '2281725869', 'ean': '0669145852495', 'cancelRequest': False, 'quantity': 1}, {'orderItemId': '2281725868', 'ean': '0669145852525', 'cancelRequest': False, 'quantity': 1}]}"
132,"{'orderId': '2470889680', 'dateTimeOrderPlaced': '2019-08-05T19:15:29+02:00', 'orderItems': [{'orderItemId': '2281714446', 'ean': '0649106505158', 'cancelRequest': True, 'quantity': 1}]}"
133,"{'orderId': '2470859000', 'dateTimeOrderPlaced': '2019-08-05T18:59:42+02:00', 'orderItems': [{'orderItemId': '2281705428', 'ean': '0649106504656', 'cancelRequest': False, 'quantity': 1}]}"
134,"{'orderId': '2470833440', 'dateTimeOrderPlaced': '2019-08-05T18:47:30+02:00', 'orderItems': [{'orderItemId': '2281698532', 'ean': '0669145852525', 'cancelRequest': False, 'quantity': 1}]}"
135,"{'orderId': '2470811390', 'dateTimeOrderPlaced': '2019-08-05T18:36:42+02:00', 'orderItems': [{'orderItemId': '2281692496', 'ean': '0669145853034', 'cancelRequest': False, 'quantity': 1}]}"
136,"{'orderId': '2435714990', 'dateTimeOrderPlaced': '2019-08-05T18:20:36+02:00', 'orderItems': [{'orderItemId': '2281684226', 'ean': '0649106508654', 'cancelRequest': False, 'quantity': 1}]}"
137,"{'orderId': '2470686170', 'dateTimeOrderPlaced': '2019-08-05T17:23:50+02:00', 'orderItems': [{'orderItemId': '2281655302', 'ean': '0669145851740', 'cancelRequest': False, 'quantity': 1}]}"
138,"{'orderId': '2470619840', 'dateTimeOrderPlaced': '2019-08-05T16:49:59+02:00', 'orderItems': [{'orderItemId': '2281636184', 'ean': '0649106509262', 'cancelRequest': False, 'quantity': 1}]}"
139,"{'orderId': '2470596590', 'dateTimeOrderPlaced': '2019-08-05T16:43:14+02:00', 'orderItems': [{'orderItemId': '2281632126', 'ean': '0669145852761', 'cancelRequest': False, 'quantity': 1}]}"
140,"{'orderId': '2470588570', 'dateTimeOrderPlaced': '2019-08-05T16:35:55+02:00', 'orderItems': [{'orderItemId': '2281627772', 'ean': '0669145852563', 'cancelRequest': False, 'quantity': 1}]}"
141,"{'orderId': '2470574690', 'dateTimeOrderPlaced': '2019-08-05T16:28:04+02:00', 'orderItems': [{'orderItemId': '2281623334', 'ean': '0649106505271', 'cancelRequest': False, 'quantity': 1}]}"
142,"{'orderId': '2470497520', 'dateTimeOrderPlaced': '2019-08-05T16:07:32+02:00', 'orderItems': [{'orderItemId': '2281611156', 'ean': '0669145852563', 'cancelRequest': False, 'quantity': 2}]}"
143,"{'orderId': '2470508610', 'dateTimeOrderPlaced': '2019-08-05T15:55:53+02:00', 'orderItems': [{'orderItemId': '2281603986', 'ean': '0649106503536', 'cancelRequest': False, 'quantity': 1}]}"
144,"{'orderId': '2466568690', 'dateTimeOrderPlaced': '2019-08-05T15:42:13+02:00', 'orderItems': [{'orderItemId': '2281595154', 'ean': '0669145851733', 'cancelRequest': False, 'quantity': 1}]}"
145,"{'orderId': '2470476110', 'dateTimeOrderPlaced': '2019-08-05T15:40:59+02:00', 'orderItems': [{'orderItemId': '2281594470', 'ean': '0649106504724', 'cancelRequest': False, 'quantity': 1}]}"
146,"{'orderId': '2470475740', 'dateTimeOrderPlaced': '2019-08-05T15:40:48+02:00', 'orderItems': [{'orderItemId': '2281594348', 'ean': '0669145852532', 'cancelRequest': False, 'quantity': 1}]}"
147,"{'orderId': '2470470600', 'dateTimeOrderPlaced': '2019-08-05T15:37:51+02:00', 'orderItems': [{'orderItemId': '2281592438', 'ean': '0649106504649', 'cancelRequest': False, 'quantity': 1}]}"
148,"{'orderId': '2466205060', 'dateTimeOrderPlaced': '2019-08-05T15:36:49+02:00', 'orderItems': [{'orderItemId': '2281591884', 'ean': '0649106504861', 'cancelRequest': False, 'quantity': 1}]}"
149,"{'orderId': '2470440810', 'dateTimeOrderPlaced': '2019-08-05T15:24:36+02:00', 'orderItems': [{'orderItemId': '2281584488', 'ean': '0649106505295', 'cancelRequest': False, 'quantity': 2}]}"
150,"{'orderId': '2470382550', 'dateTimeOrderPlaced': '2019-08-05T14:55:23+02:00', 'orderItems': [{'orderItemId': '2281567636', 'ean': '0669145852747', 'cancelRequest': False, 'quantity': 1}]}"
151,"{'orderId': '2470341670', 'dateTimeOrderPlaced': '2019-08-05T14:34:12+02:00', 'orderItems': [{'orderItemId': '2281555985', 'ean': '0649106505158', 'cancelRequest': False, 'quantity': 1}]}"
152,"{'orderId': '2469828670', 'dateTimeOrderPlaced': '2019-08-05T14:30:31+02:00', 'orderItems': [{'orderItemId': '2281553899', 'ean': '0649106504663', 'cancelRequest': False, 'quantity': 1}]}"
153,"{'orderId': '2470293310', 'dateTimeOrderPlaced': '2019-08-05T14:09:39+02:00', 'orderItems': [{'orderItemId': '2281542234', 'ean': '0669145852495', 'cancelRequest': False, 'quantity': 1}]}"
154,"{'orderId': '2470239340', 'dateTimeOrderPlaced': '2019-08-05T13:42:41+02:00', 'orderItems': [{'orderItemId': '2281526541', 'ean': '0669145852785', 'cancelRequest': False, 'quantity': 1}]}"
155,"{'orderId': '2470159990', 'dateTimeOrderPlaced': '2019-08-05T13:25:01+02:00', 'orderItems': [{'orderItemId': '2281516396', 'ean': '0669145852549', 'cancelRequest': False, 'quantity': 1}]}"
156,"{'orderId': '2470197180', 'dateTimeOrderPlaced': '2019-08-05T13:21:31+02:00', 'orderItems': [{'orderItemId': '2281514504', 'ean': '0669145853034', 'cancelRequest': False, 'quantity': 1}]}"
157,"{'orderId': '2469667610', 'dateTimeOrderPlaced': '2019-08-05T13:17:33+02:00', 'orderItems': [{'orderItemId': '2281512170', 'ean': '0669145852594', 'cancelRequest': False, 'quantity': 1}]}"
158,"{'orderId': '2470183150', 'dateTimeOrderPlaced': '2019-08-05T13:15:51+02:00', 'orderItems': [{'orderItemId': '2281511261', 'ean': '0669145852495', 'cancelRequest': False, 'quantity': 1}]}"
159,"{'orderId': '2470152050', 'dateTimeOrderPlaced': '2019-08-05T12:58:17+02:00', 'orderItems': [{'orderItemId': '2281502072', 'ean': '0669145851740', 'cancelRequest': False, 'quantity': 1}]}"
160,"{'orderId': '2470135660', 'dateTimeOrderPlaced': '2019-08-05T12:48:05+02:00', 'orderItems': [{'orderItemId': '2281496585', 'ean': '0669145856783', 'cancelRequest': False, 'quantity': 1}]}"
161,"{'orderId': '2470131170', 'dateTimeOrderPlaced': '2019-08-05T12:46:56+02:00', 'orderItems': [{'orderItemId': '2281496010', 'ean': '0649106510176', 'cancelRequest': True, 'quantity': 1}]}"
162,"{'orderId': '2470113090', 'dateTimeOrderPlaced': '2019-08-05T12:35:31+02:00', 'orderItems': [{'orderItemId': '2281490343', 'ean': '0649106508371', 'cancelRequest': False, 'quantity': 1}]}"
163,"{'orderId': '2470061200', 'dateTimeOrderPlaced': '2019-08-05T12:08:21+02:00', 'orderItems': [{'orderItemId': '2281476474', 'ean': '0649106504663', 'cancelRequest': False, 'quantity': 1}]}"
164,"{'orderId': '2470014930', 'dateTimeOrderPlaced': '2019-08-05T11:43:13+02:00', 'orderItems': [{'orderItemId': '2281463245', 'ean': '0669145852495', 'cancelRequest': False, 'quantity': 1}]}"
165,"{'orderId': '2469973800', 'dateTimeOrderPlaced': '2019-08-05T11:21:37+02:00', 'orderItems': [{'orderItemId': '2281451709', 'ean': '0649106505134', 'cancelRequest': False, 'quantity': 1}]}"
166,"{'orderId': '2469944740', 'dateTimeOrderPlaced': '2019-08-05T11:05:31+02:00', 'orderItems': [{'orderItemId': '2281443009', 'ean': '0669145853010', 'cancelRequest': False, 'quantity': 1}]}"
167,"{'orderId': '2469929160', 'dateTimeOrderPlaced': '2019-08-05T10:55:38+02:00', 'orderItems': [{'orderItemId': '2281438073', 'ean': '0669145852525', 'cancelRequest': False, 'quantity': 1}]}"
168,"{'orderId': '2469916400', 'dateTimeOrderPlaced': '2019-08-05T10:51:06+02:00', 'orderItems': [{'orderItemId': '2281435898', 'ean': '0649106505394', 'cancelRequest': False, 'quantity': 1}]}"
169,"{'orderId': '2469920940', 'dateTimeOrderPlaced': '2019-08-05T10:49:40+02:00', 'orderItems': [{'orderItemId': '2281435002', 'ean': '0669145852259', 'cancelRequest': False, 'quantity': 1}]}"
170,"{'orderId': '2469909930', 'dateTimeOrderPlaced': '2019-08-05T10:45:43+02:00', 'orderItems': [{'orderItemId': '2281432930', 'ean': '0649106505134', 'cancelRequest': False, 'quantity': 1}]}"
171,"{'orderId': '2469908580', 'dateTimeOrderPlaced': '2019-08-05T10:42:17+02:00', 'orderItems': [{'orderItemId': '2281431310', 'ean': '0649106504892', 'cancelRequest': False, 'quantity': 1}]}"
172,"{'orderId': '2468455400', 'dateTimeOrderPlaced': '2019-08-05T10:39:05+02:00', 'orderItems': [{'orderItemId': '2281429672', 'ean': '0669145852617', 'cancelRequest': False, 'quantity': 1}]}"
173,"{'orderId': '2467017580', 'dateTimeOrderPlaced': '2019-08-05T09:42:10+02:00', 'orderItems': [{'orderItemId': '2281405449', 'ean': '0669145852808', 'cancelRequest': False, 'quantity': 1}]}"
174,"{'orderId': '2469782920', 'dateTimeOrderPlaced': '2019-08-05T09:11:42+02:00', 'orderItems': [{'orderItemId': '2281395119', 'ean': '0669145852549', 'cancelRequest': False, 'quantity': 1}]}"
175,"{'orderId': '2469778750', 'dateTimeOrderPlaced': '2019-08-05T09:08:03+02:00', 'orderItems': [{'orderItemId': '2281394087', 'ean': '0649106504649', 'cancelRequest': False, 'quantity': 1}]}"
176,"{'orderId': '2463256310', 'dateTimeOrderPlaced': '2019-08-05T09:07:47+02:00', 'orderItems': [{'orderItemId': '2281394025', 'ean': '0669145852532', 'cancelRequest': False, 'quantity': 1}]}"
177,"{'orderId': '2469771460', 'dateTimeOrderPlaced': '2019-08-05T09:01:41+02:00', 'orderItems': [{'orderItemId': '2281392548', 'ean': '0649106510633', 'cancelRequest': False, 'quantity': 1}, {'orderItemId': '2281392547', 'ean': '0649106510626', 'cancelRequest': False, 'quantity': 1}]}"
178,"{'orderId': '2469739230', 'dateTimeOrderPlaced': '2019-08-05T08:17:40+02:00', 'orderItems': [{'orderItemId': '2281382793', 'ean': '0669145851757', 'cancelRequest': False, 'quantity': 1}]}"
179,"{'orderId': '2469720680', 'dateTimeOrderPlaced': '2019-08-05T07:38:30+02:00', 'orderItems': [{'orderItemId': '2281377105', 'ean': '0649106511036', 'cancelRequest': False, 'quantity': 1}]}"
180,"{'orderId': '2469716150', 'dateTimeOrderPlaced': '2019-08-05T07:26:08+02:00', 'orderItems': [{'orderItemId': '2281375959', 'ean': '0649106505608', 'cancelRequest': False, 'quantity': 1}]}"
181,"{'orderId': '2469710560', 'dateTimeOrderPlaced': '2019-08-05T07:07:11+02:00', 'orderItems': [{'orderItemId': '2281374587', 'ean': '0669145852648', 'cancelRequest': False, 'quantity': 1}]}"
182,"{'orderId': '2469660960', 'dateTimeOrderPlaced': '2019-08-05T00:20:11+02:00', 'orderItems': [{'orderItemId': '2281359731', 'ean': '0649106510183', 'cancelRequest': False, 'quantity': 1}]}"
183,"{'orderId': '2464902130', 'dateTimeOrderPlaced': '2019-08-05T00:11:26+02:00', 'orderItems': [{'orderItemId': '2281358425', 'ean': '0669145852808', 'cancelRequest': True, 'quantity': 1}]}"
184,"{'orderId': '2469641770', 'dateTimeOrderPlaced': '2019-08-04T23:51:13+02:00', 'orderItems': [{'orderItemId': '2281354118', 'ean': '0669145852785', 'cancelRequest': False, 'quantity': 1}, {'orderItemId': '2281354117', 'ean': '0669145852792', 'cancelRequest': False, 'quantity': 1}]}"
185,"{'orderId': '2469634140', 'dateTimeOrderPlaced': '2019-08-04T23:42:37+02:00', 'orderItems': [{'orderItemId': '2281351839', 'ean': '0669145851733', 'cancelRequest': False, 'quantity': 1}]}"
186,"{'orderId': '2469618980', 'dateTimeOrderPlaced': '2019-08-04T23:26:19+02:00', 'orderItems': [{'orderItemId': '2281346998', 'ean': '0669145853096', 'cancelRequest': False, 'quantity': 2}]}"
187,"{'orderId': '2469608110', 'dateTimeOrderPlaced': '2019-08-04T23:18:50+02:00', 'orderItems': [{'orderItemId': '2281344384', 'ean': '0649106504748', 'cancelRequest': False, 'quantity': 1}]}"
188,"{'orderId': '2469594010', 'dateTimeOrderPlaced': '2019-08-04T23:06:04+02:00', 'orderItems': [{'orderItemId': '2281339670', 'ean': '0649106511098', 'cancelRequest': False, 'quantity': 1}]}"
189,"{'orderId': '2469526420', 'dateTimeOrderPlaced': '2019-08-04T22:36:02+02:00', 'orderItems': [{'orderItemId': '2281324787', 'ean': '0649106508791', 'cancelRequest': False, 'quantity': 1}]}"
190,"{'orderId': '2469529660', 'dateTimeOrderPlaced': '2019-08-04T22:26:38+02:00', 'orderItems': [{'orderItemId': '2281319678', 'ean': '0669145853034', 'cancelRequest': False, 'quantity': 1}]}"
191,"{'orderId': '2469525610', 'dateTimeOrderPlaced': '2019-08-04T22:23:32+02:00', 'orderItems': [{'orderItemId': '2281317807', 'ean': '0649106509262', 'cancelRequest': False, 'quantity': 1}]}"
192,"{'orderId': '2469518330', 'dateTimeOrderPlaced': '2019-08-04T22:19:24+02:00', 'orderItems': [{'orderItemId': '2281315335', 'ean': '0669145852754', 'cancelRequest': False, 'quantity': 3}]}"
193,"{'orderId': '2469501430', 'dateTimeOrderPlaced': '2019-08-04T22:15:26+02:00', 'orderItems': [{'orderItemId': '2281313247', 'ean': '0669145852792', 'cancelRequest': False, 'quantity': 1}]}"
194,"{'orderId': '2469492350', 'dateTimeOrderPlaced': '2019-08-04T22:05:14+02:00', 'orderItems': [{'orderItemId': '2281307334', 'ean': '0669145851962', 'cancelRequest': False, 'quantity': 2}]}"
195,"{'orderId': '2469487020', 'dateTimeOrderPlaced': '2019-08-04T22:02:40+02:00', 'orderItems': [{'orderItemId': '2281305814', 'ean': '0669145852785', 'cancelRequest': False, 'quantity': 1}]}"
196,"{'orderId': '2469483710', 'dateTimeOrderPlaced': '2019-08-04T22:01:13+02:00', 'orderItems': [{'orderItemId': '2281304878', 'ean': '0649106508135', 'cancelRequest': False, 'quantity': 1}]}"
197,"{'orderId': '2375862830', 'dateTimeOrderPlaced': '2019-08-04T21:55:26+02:00', 'orderItems': [{'orderItemId': '2281301072', 'ean': '0669145852792', 'cancelRequest': True, 'quantity': 1}]}"
198,"{'orderId': '2469426810', 'dateTimeOrderPlaced': '2019-08-04T21:34:32+02:00', 'orderItems': [{'orderItemId': '2281287584', 'ean': '0649106504816', 'cancelRequest': False, 'quantity': 1}]}"
199,"{'orderId': '2469419350', 'dateTimeOrderPlaced': '2019-08-04T21:33:32+02:00', 'orderItems': [{'orderItemId': '2281286859', 'ean': '0669145852532', 'cancelRequest': False, 'quantity': 1}]}"
200,"{'orderId': '2469413910', 'dateTimeOrderPlaced': '2019-08-04T21:33:16+02:00', 'orderItems': [{'orderItemId': '2281286682', 'ean': '0669145852525', 'cancelRequest': False, 'quantity': 1}]}"
201,"{'orderId': '2469384170', 'dateTimeOrderPlaced': '2019-08-04T21:14:31+02:00', 'orderItems': [{'orderItemId': '2281274332', 'ean': '0649106504731', 'cancelRequest': False, 'quantity': 1}]}"
202,"{'orderId': '2469331680', 'dateTimeOrderPlaced': '2019-08-04T20:46:49+02:00', 'orderItems': [{'orderItemId': '2281256859', 'ean': '0669145852594', 'cancelRequest': False, 'quantity': 1}]}"
203,"{'orderId': '2468482950', 'dateTimeOrderPlaced': '2019-08-04T20:15:48+02:00', 'orderItems': [{'orderItemId': '2281238619', 'ean': '0669145852839', 'cancelRequest': False, 'quantity': 1}]}"
204,"{'orderId': '2469272640', 'dateTimeOrderPlaced': '2019-08-04T20:15:18+02:00', 'orderItems': [{'orderItemId': '2281238385', 'ean': '0649106508371', 'cancelRequest': False, 'quantity': 1}]}"
205,"{'orderId': '2448429410', 'dateTimeOrderPlaced': '2019-08-04T20:11:21+02:00', 'orderItems': [{'orderItemId': '2281236267', 'ean': '0669145851740', 'cancelRequest': False, 'quantity': 1}]}"
206,"{'orderId': '2469054570', 'dateTimeOrderPlaced': '2019-08-04T20:10:14+02:00', 'orderItems': [{'orderItemId': '2281235667', 'ean': '0669145852556', 'cancelRequest': False, 'quantity': 1}]}"
207,"{'orderId': '2469241840', 'dateTimeOrderPlaced': '2019-08-04T19:58:34+02:00', 'orderItems': [{'orderItemId': '2281229415', 'ean': '0669145851740', 'cancelRequest': False, 'quantity': 1}]}"
208,"{'orderId': '2469211180', 'dateTimeOrderPlaced': '2019-08-04T19:41:10+02:00', 'orderItems': [{'orderItemId': '2281220738', 'ean': '0669145851740', 'cancelRequest': False, 'quantity': 1}]}"
209,"{'orderId': '2469156940', 'dateTimeOrderPlaced': '2019-08-04T19:05:11+02:00', 'orderItems': [{'orderItemId': '2281205178', 'ean': '0669145852525', 'cancelRequest': False, 'quantity': 1}]}"
210,"{'orderId': '2469149680', 'dateTimeOrderPlaced': '2019-08-04T18:59:45+02:00', 'orderItems': [{'orderItemId': '2281202878', 'ean': '0669145852785', 'cancelRequest': False, 'quantity': 1}]}"
211,"{'orderId': '2469134240', 'dateTimeOrderPlaced': '2019-08-04T18:48:31+02:00', 'orderItems': [{'orderItemId': '2281198342', 'ean': '0649106505158', 'cancelRequest': False, 'quantity': 1}]}"
212,"{'orderId': '2469125710', 'dateTimeOrderPlaced': '2019-08-04T18:43:53+02:00', 'orderItems': [{'orderItemId': '2281196500', 'ean': '0649106504663', 'cancelRequest': False, 'quantity': 1}]}"
213,"{'orderId': '2469125420', 'dateTimeOrderPlaced': '2019-08-04T18:40:16+02:00', 'orderItems': [{'orderItemId': '2281195234', 'ean': '0649106504724', 'cancelRequest': False, 'quantity': 1}]}"
214,"{'orderId': '2469121060', 'dateTimeOrderPlaced': '2019-08-04T18:38:25+02:00', 'orderItems': [{'orderItemId': '2281194442', 'ean': '0669145852785', 'cancelRequest': False, 'quantity': 1}]}"
215,"{'orderId': '2366995770', 'dateTimeOrderPlaced': '2019-08-04T18:18:54+02:00', 'orderItems': [{'orderItemId': '2281187179', 'ean': '0669145856653', 'cancelRequest': False, 'quantity': 1}, {'orderItemId': '2281187178', 'ean': '0649106505363', 'cancelRequest': False, 'quantity': 1}]}"
216,"{'orderId': '2469096240', 'dateTimeOrderPlaced': '2019-08-04T18:18:12+02:00', 'orderItems': [{'orderItemId': '2281186898', 'ean': '0669145853065', 'cancelRequest': False, 'quantity': 1}]}"
217,"{'orderId': '2469066180', 'dateTimeOrderPlaced': '2019-08-04T17:55:59+02:00', 'orderItems': [{'orderItemId': '2281178294', 'ean': '0649106504663', 'cancelRequest': False, 'quantity': 1}]}"
218,"{'orderId': '2468993880', 'dateTimeOrderPlaced': '2019-08-04T17:41:42+02:00', 'orderItems': [{'orderItemId': '2281172840', 'ean': '0669145852532', 'cancelRequest': False, 'quantity': 1}]}"
219,"{'orderId': '2428038570', 'dateTimeOrderPlaced': '2019-08-04T17:16:48+02:00', 'orderItems': [{'orderItemId': '2281162515', 'ean': '0669145853058', 'cancelRequest': False, 'quantity': 1}]}"
220,"{'orderId': '2468970680', 'dateTimeOrderPlaced': '2019-08-04T16:57:07+02:00', 'orderItems': [{'orderItemId': '2281154471', 'ean': '0669145852495', 'cancelRequest': False, 'quantity': 1}]}"
221,"{'orderId': '2468935110', 'dateTimeOrderPlaced': '2019-08-04T16:19:51+02:00', 'orderItems': [{'orderItemId': '2281139653', 'ean': '0669145852273', 'cancelRequest': False, 'quantity': 1}]}"
222,"{'orderId': '2468899720', 'dateTimeOrderPlaced': '2019-08-04T15:59:16+02:00', 'orderItems': [{'orderItemId': '2281130965', 'ean': '0649106504809', 'cancelRequest': False, 'quantity': 1}]}"
223,"{'orderId': '2468901320', 'dateTimeOrderPlaced': '2019-08-04T15:56:52+02:00', 'orderItems': [{'orderItemId': '2281129903', 'ean': '0649106504809', 'cancelRequest': False, 'quantity': 1}]}"
224,"{'orderId': '2468874960', 'dateTimeOrderPlaced': '2019-08-04T15:39:14+02:00', 'orderItems': [{'orderItemId': '2281122168', 'ean': '0669145851788', 'cancelRequest': False, 'quantity': 1}, {'orderItemId': '2281122167', 'ean': '0669145856653', 'cancelRequest': False, 'quantity': 1}]}"
225,"{'orderId': '2468870800', 'dateTimeOrderPlaced': '2019-08-04T15:34:44+02:00', 'orderItems': [{'orderItemId': '2281120333', 'ean': '0649106505103', 'cancelRequest': False, 'quantity': 1}]}"
226,"{'orderId': '2468832460', 'dateTimeOrderPlaced': '2019-08-04T15:11:53+02:00', 'orderItems': [{'orderItemId': '2281110627', 'ean': '0649106504816', 'cancelRequest': False, 'quantity': 1}]}"
227,"{'orderId': '2468830170', 'dateTimeOrderPlaced': '2019-08-04T15:07:11+02:00', 'orderItems': [{'orderItemId': '2281108570', 'ean': '0669145852471', 'cancelRequest': False, 'quantity': 1}]}"
228,"{'orderId': '2468795730', 'dateTimeOrderPlaced': '2019-08-04T14:45:04+02:00', 'orderItems': [{'orderItemId': '2281097981', 'ean': '0669145851702', 'cancelRequest': False, 'quantity': 2}, {'orderItemId': '2281097980', 'ean': '0649106504519', 'cancelRequest': False, 'quantity': 1}]}"
229,"{'orderId': '2468060120', 'dateTimeOrderPlaced': '2019-08-04T14:26:47+02:00', 'orderItems': [{'orderItemId': '2281089687', 'ean': '0669145851962', 'cancelRequest': False, 'quantity': 1}]}"
230,"{'orderId': '2468743360', 'dateTimeOrderPlaced': '2019-08-04T14:25:08+02:00', 'orderItems': [{'orderItemId': '2281088922', 'ean': '0649106511159', 'cancelRequest': False, 'quantity': 1}]}"
231,"{'orderId': '2468741390', 'dateTimeOrderPlaced': '2019-08-04T14:09:53+02:00', 'orderItems': [{'orderItemId': '2281081511', 'ean': '0649106504663', 'cancelRequest': False, 'quantity': 1}]}"
232,"{'orderId': '2468736200', 'dateTimeOrderPlaced': '2019-08-04T14:07:00+02:00', 'orderItems': [{'orderItemId': '2281080061', 'ean': '0669145853034', 'cancelRequest': False, 'quantity': 1}]}"
233,"{'orderId': '2468725070', 'dateTimeOrderPlaced': '2019-08-04T14:00:34+02:00', 'orderItems': [{'orderItemId': '2281076816', 'ean': '0649106504878', 'cancelRequest': False, 'quantity': 1}]}"
234,"{'orderId': '2468701820', 'dateTimeOrderPlaced': '2019-08-04T13:47:31+02:00', 'orderItems': [{'orderItemId': '2281070844', 'ean': '0649106506315', 'cancelRequest': False, 'quantity': 2}]}"
235,"{'orderId': '2468636410', 'dateTimeOrderPlaced': '2019-08-04T13:04:30+02:00', 'orderItems': [{'orderItemId': '2281051680', 'ean': '0669145852525', 'cancelRequest': False, 'quantity': 1}]}"
236,"{'orderId': '2468567830', 'dateTimeOrderPlaced': '2019-08-04T12:20:51+02:00', 'orderItems': [{'orderItemId': '2281032333', 'ean': '0669145852839', 'cancelRequest': False, 'quantity': 1}]}"
237,"{'orderId': '2468562940', 'dateTimeOrderPlaced': '2019-08-04T12:14:48+02:00', 'orderItems': [{'orderItemId': '2281029635', 'ean': '0669145851740', 'cancelRequest': False, 'quantity': 1}]}"
238,"{'orderId': '2468532330', 'dateTimeOrderPlaced': '2019-08-04T11:53:05+02:00', 'orderItems': [{'orderItemId': '2281020159', 'ean': '0649106511036', 'cancelRequest': False, 'quantity': 1}]}"
239,"{'orderId': '2468503220', 'dateTimeOrderPlaced': '2019-08-04T11:33:56+02:00', 'orderItems': [{'orderItemId': '2281011382', 'ean': '0669145852471', 'cancelRequest': False, 'quantity': 2}]}"
240,"{'orderId': '2468496130', 'dateTimeOrderPlaced': '2019-08-04T11:30:37+02:00', 'orderItems': [{'orderItemId': '2281009978', 'ean': '0649106505103', 'cancelRequest': False, 'quantity': 2}]}"
241,"{'orderId': '2468425940', 'dateTimeOrderPlaced': '2019-08-04T10:39:18+02:00', 'orderItems': [{'orderItemId': '2280989504', 'ean': '0649106509057', 'cancelRequest': False, 'quantity': 1}]}"
242,"{'orderId': '2468356440', 'dateTimeOrderPlaced': '2019-08-04T10:17:52+02:00', 'orderItems': [{'orderItemId': '2280981989', 'ean': '0669145853034', 'cancelRequest': False, 'quantity': 1}]}"
243,"{'orderId': '2468360770', 'dateTimeOrderPlaced': '2019-08-04T09:38:04+02:00', 'orderItems': [{'orderItemId': '2280970315', 'ean': '0669145852464', 'cancelRequest': False, 'quantity': 1}]}"
244,"{'orderId': '2468340500', 'dateTimeOrderPlaced': '2019-08-04T09:14:02+02:00', 'orderItems': [{'orderItemId': '2280964673', 'ean': '0649106504816', 'cancelRequest': False, 'quantity': 1}]}"
245,"{'orderId': '2370619430', 'dateTimeOrderPlaced': '2019-08-04T04:32:11+02:00', 'orderItems': [{'orderItemId': '2280948977', 'ean': '0669145851689', 'cancelRequest': False, 'quantity': 1}]}"
246,"{'orderId': '2468283950', 'dateTimeOrderPlaced': '2019-08-04T04:27:06+02:00', 'orderItems': [{'orderItemId': '2280948913', 'ean': '0649106504663', 'cancelRequest': False, 'quantity': 1}]}"
247,"{'orderId': '2468281700', 'dateTimeOrderPlaced': '2019-08-04T03:43:31+02:00', 'orderItems': [{'orderItemId': '2280948283', 'ean': '0669145852525', 'cancelRequest': False, 'quantity': 1}]}"
248,"{'orderId': '2468252490', 'dateTimeOrderPlaced': '2019-08-04T00:55:29+02:00', 'orderItems': [{'orderItemId': '2280942291', 'ean': '0649106508074', 'cancelRequest': False, 'quantity': 1}]}"
249,"{'orderId': '2468252200', 'dateTimeOrderPlaced': '2019-08-04T00:32:48+02:00', 'orderItems': [{'orderItemId': '2280940280', 'ean': '0649106511036', 'cancelRequest': False, 'quantity': 1}]}"
250,"{'orderId': '2468245330', 'dateTimeOrderPlaced': '2019-08-04T00:13:31+02:00', 'orderItems': [{'orderItemId': '2280938113', 'ean': '0669145852006', 'cancelRequest': False, 'quantity': 1}]}"
251,"{'orderId': '2468244840', 'dateTimeOrderPlaced': '2019-08-04T00:12:16+02:00', 'orderItems': [{'orderItemId': '2280937935', 'ean': '0669145853058', 'cancelRequest': False, 'quantity': 1}]}"
252,"{'orderId': '2468189980', 'dateTimeOrderPlaced': '2019-08-03T22:56:41+02:00', 'orderItems': [{'orderItemId': '2280921466', 'ean': '0669145852785', 'cancelRequest': True, 'quantity': 1}]}"
253,"{'orderId': '2468161680', 'dateTimeOrderPlaced': '2019-08-03T22:29:18+02:00', 'orderItems': [{'orderItemId': '2280912733', 'ean': '0669145852709', 'cancelRequest': False, 'quantity': 1}]}"
254,"{'orderId': '2468146240', 'dateTimeOrderPlaced': '2019-08-03T22:18:34+02:00', 'orderItems': [{'orderItemId': '2280909010', 'ean': '0669145851740', 'cancelRequest': False, 'quantity': 1}]}"
255,"{'orderId': '2468101090', 'dateTimeOrderPlaced': '2019-08-03T21:40:39+02:00', 'orderItems': [{'orderItemId': '2280895876', 'ean': '0669145852051', 'cancelRequest': False, 'quantity': 1}]}"
256,"{'orderId': '2468090460', 'dateTimeOrderPlaced': '2019-08-03T21:29:12+02:00', 'orderItems': [{'orderItemId': '2280891581', 'ean': '0649106504656', 'cancelRequest': False, 'quantity': 1}]}"
257,"{'orderId': '2468088920', 'dateTimeOrderPlaced': '2019-08-03T21:27:44+02:00', 'orderItems': [{'orderItemId': '2280890995', 'ean': '0669145853058', 'cancelRequest': True, 'quantity': 1}]}"
258,"{'orderId': '2468052900', 'dateTimeOrderPlaced': '2019-08-03T20:58:43+02:00', 'orderItems': [{'orderItemId': '2280880119', 'ean': '0669145851740', 'cancelRequest': False, 'quantity': 1}]}"
259,"{'orderId': '2468004350', 'dateTimeOrderPlaced': '2019-08-03T20:20:04+02:00', 'orderItems': [{'orderItemId': '2280866165', 'ean': '0649106506377', 'cancelRequest': False, 'quantity': 1}]}"
260,"{'orderId': '2467984320', 'dateTimeOrderPlaced': '2019-08-03T20:05:45+02:00', 'orderItems': [{'orderItemId': '2280860828', 'ean': '0669145852525', 'cancelRequest': False, 'quantity': 1}]}"
261,"{'orderId': '2467931020', 'dateTimeOrderPlaced': '2019-08-03T19:23:12+02:00', 'orderItems': [{'orderItemId': '2280846297', 'ean': '0669145852785', 'cancelRequest': False, 'quantity': 1}]}"
262,"{'orderId': '2467916120', 'dateTimeOrderPlaced': '2019-08-03T19:04:47+02:00', 'orderItems': [{'orderItemId': '2280840484', 'ean': '0649106505318', 'cancelRequest': True, 'quantity': 1}]}"
263,"{'orderId': '2467882570', 'dateTimeOrderPlaced': '2019-08-03T18:37:01+02:00', 'orderItems': [{'orderItemId': '2280832200', 'ean': '0649106505325', 'cancelRequest': False, 'quantity': 2}]}"
264,"{'orderId': '2465815240', 'dateTimeOrderPlaced': '2019-08-03T17:20:15+02:00', 'orderItems': [{'orderItemId': '2280807039', 'ean': '0669145852792', 'cancelRequest': True, 'quantity': 1}]}"
265,"{'orderId': '2467770630', 'dateTimeOrderPlaced': '2019-08-03T16:56:50+02:00', 'orderItems': [{'orderItemId': '2280798239', 'ean': '0649106505318', 'cancelRequest': True, 'quantity': 1}]}"
266,"{'orderId': '2467733300', 'dateTimeOrderPlaced': '2019-08-03T16:33:45+02:00', 'orderItems': [{'orderItemId': '2280789516', 'ean': '0669145852754', 'cancelRequest': False, 'quantity': 1}]}"
267,"{'orderId': '2467703260', 'dateTimeOrderPlaced': '2019-08-03T16:05:05+02:00', 'orderItems': [{'orderItemId': '2280779151', 'ean': '0669145851740', 'cancelRequest': False, 'quantity': 1}]}"
268,"{'orderId': '2467693620', 'dateTimeOrderPlaced': '2019-08-03T15:57:21+02:00', 'orderItems': [{'orderItemId': '2280776338', 'ean': '0669145852525', 'cancelRequest': False, 'quantity': 1}]}"
269,"{'orderId': '2467688550', 'dateTimeOrderPlaced': '2019-08-03T15:53:44+02:00', 'orderItems': [{'orderItemId': '2280775004', 'ean': '0669145852525', 'cancelRequest': False, 'quantity': 1}]}"
270,"{'orderId': '2467661920', 'dateTimeOrderPlaced': '2019-08-03T15:34:48+02:00', 'orderItems': [{'orderItemId': '2280767975', 'ean': '0649106508753', 'cancelRequest': False, 'quantity': 1}]}"
271,"{'orderId': '2467644370', 'dateTimeOrderPlaced': '2019-08-03T15:21:10+02:00', 'orderItems': [{'orderItemId': '2280762810', 'ean': '0649106508623', 'cancelRequest': False, 'quantity': 1}]}"
272,"{'orderId': '2467457360', 'dateTimeOrderPlaced': '2019-08-03T13:04:18+02:00', 'orderItems': [{'orderItemId': '2280710744', 'ean': '0669145852525', 'cancelRequest': False, 'quantity': 1}]}"
273,"{'orderId': '2467444450', 'dateTimeOrderPlaced': '2019-08-03T12:58:08+02:00', 'orderItems': [{'orderItemId': '2280708511', 'ean': '0669145851733', 'cancelRequest': False, 'quantity': 1}]}"
274,"{'orderId': '2467439680', 'dateTimeOrderPlaced': '2019-08-03T12:46:45+02:00', 'orderItems': [{'orderItemId': '2280704316', 'ean': '0669145852525', 'cancelRequest': False, 'quantity': 1}]}"
275,"{'orderId': '2467397530', 'dateTimeOrderPlaced': '2019-08-03T12:31:06+02:00', 'orderItems': [{'orderItemId': '2280698552', 'ean': '0669145851740', 'cancelRequest': False, 'quantity': 1}]}"
276,"{'orderId': '2467404910', 'dateTimeOrderPlaced': '2019-08-03T12:21:08+02:00', 'orderItems': [{'orderItemId': '2280694718', 'ean': '0649106505363', 'cancelRequest': False, 'quantity': 1}]}"
277,"{'orderId': '2467333780', 'dateTimeOrderPlaced': '2019-08-03T11:23:58+02:00', 'orderItems': [{'orderItemId': '2280674170', 'ean': '0649106505332', 'cancelRequest': False, 'quantity': 1}]}"
278,"{'orderId': '2467322220', 'dateTimeOrderPlaced': '2019-08-03T11:16:18+02:00', 'orderItems': [{'orderItemId': '2280671390', 'ean': '0669145851740', 'cancelRequest': False, 'quantity': 1}]}"
279,"{'orderId': '2467306110', 'dateTimeOrderPlaced': '2019-08-03T11:06:16+02:00', 'orderItems': [{'orderItemId': '2280668061', 'ean': '0669145852549', 'cancelRequest': False, 'quantity': 1}]}"
280,"{'orderId': '2467286780', 'dateTimeOrderPlaced': '2019-08-03T10:53:51+02:00', 'orderItems': [{'orderItemId': '2280663975', 'ean': '0669145851740', 'cancelRequest': False, 'quantity': 1}]}"
281,"{'orderId': '2465073770', 'dateTimeOrderPlaced': '2019-08-03T10:44:18+02:00', 'orderItems': [{'orderItemId': '2280660730', 'ean': '0649106509002', 'cancelRequest': False, 'quantity': 1}]}"
282,"{'orderId': '2464858380', 'dateTimeOrderPlaced': '2019-08-03T10:37:27+02:00', 'orderItems': [{'orderItemId': '2280658431', 'ean': '0669145853041', 'cancelRequest': True, 'quantity': 1}]}"
283,"{'orderId': '2467225270', 'dateTimeOrderPlaced': '2019-08-03T09:48:58+02:00', 'orderItems': [{'orderItemId': '2280644338', 'ean': '0669145852594', 'cancelRequest': False, 'quantity': 1}]}"
284,"{'orderId': '2467196670', 'dateTimeOrderPlaced': '2019-08-03T09:12:49+02:00', 'orderItems': [{'orderItemId': '2280636086', 'ean': '0649106505134', 'cancelRequest': False, 'quantity': 1}]}"
285,"{'orderId': '2464081980', 'dateTimeOrderPlaced': '2019-08-03T09:06:31+02:00', 'orderItems': [{'orderItemId': '2280634737', 'ean': '0669145852778', 'cancelRequest': False, 'quantity': 1}]}"
286,"{'orderId': '2467111540', 'dateTimeOrderPlaced': '2019-08-03T00:53:09+02:00', 'orderItems': [{'orderItemId': '2280613112', 'ean': '0669145852532', 'cancelRequest': True, 'quantity': 1}]}"
287,"{'orderId': '2467021190', 'dateTimeOrderPlaced': '2019-08-03T00:39:47+02:00', 'orderItems': [{'orderItemId': '2280611962', 'ean': '0649106505158', 'cancelRequest': False, 'quantity': 1}]}"
288,"{'orderId': '2467105140', 'dateTimeOrderPlaced': '2019-08-03T00:34:03+02:00', 'orderItems': [{'orderItemId': '2280611374', 'ean': '0649106505134', 'cancelRequest': False, 'quantity': 2}]}"
289,"{'orderId': '2467094720', 'dateTimeOrderPlaced': '2019-08-03T00:07:04+02:00', 'orderItems': [{'orderItemId': '2280608348', 'ean': '0669145852792', 'cancelRequest': False, 'quantity': 1}]}"
290,"{'orderId': '2467062470', 'dateTimeOrderPlaced': '2019-08-02T23:31:06+02:00', 'orderItems': [{'orderItemId': '2280598812', 'ean': '0669145853065', 'cancelRequest': False, 'quantity': 1}]}"
291,"{'orderId': '2467054050', 'dateTimeOrderPlaced': '2019-08-02T23:23:41+02:00', 'orderItems': [{'orderItemId': '2280596420', 'ean': '0669145852785', 'cancelRequest': False, 'quantity': 1}]}"
292,"{'orderId': '2467055010', 'dateTimeOrderPlaced': '2019-08-02T23:23:27+02:00', 'orderItems': [{'orderItemId': '2280596359', 'ean': '0649106509057', 'cancelRequest': False, 'quantity': 1}, {'orderItemId': '2280596358', 'ean': '0669145852549', 'cancelRequest': False, 'quantity': 1}]}"
293,"{'orderId': '2467017450', 'dateTimeOrderPlaced': '2019-08-02T22:53:23+02:00', 'orderItems': [{'orderItemId': '2280585273', 'ean': '0669145853119', 'cancelRequest': False, 'quantity': 1}]}"
294,"{'orderId': '2466998390', 'dateTimeOrderPlaced': '2019-08-02T22:42:34+02:00', 'orderItems': [{'orderItemId': '2280580669', 'ean': '0669145853041', 'cancelRequest': True, 'quantity': 1}]}"
295,"{'orderId': '2466998710', 'dateTimeOrderPlaced': '2019-08-02T22:39:07+02:00', 'orderItems': [{'orderItemId': '2280579110', 'ean': '0649106509064', 'cancelRequest': False, 'quantity': 2}]}"
296,"{'orderId': '2466981670', 'dateTimeOrderPlaced': '2019-08-02T22:31:30+02:00', 'orderItems': [{'orderItemId': '2280575897', 'ean': '0649106510176', 'cancelRequest': False, 'quantity': 1}]}"
297,"{'orderId': '2466985910', 'dateTimeOrderPlaced': '2019-08-02T22:29:55+02:00', 'orderItems': [{'orderItemId': '2280575310', 'ean': '0669145856646', 'cancelRequest': False, 'quantity': 1}]}"
298,"{'orderId': '2466970280', 'dateTimeOrderPlaced': '2019-08-02T22:23:06+02:00', 'orderItems': [{'orderItemId': '2280572302', 'ean': '0669145852525', 'cancelRequest': False, 'quantity': 1}]}"
299,"{'orderId': '2463877820', 'dateTimeOrderPlaced': '2019-08-02T22:07:42+02:00', 'orderItems': [{'orderItemId': '2280565161', 'ean': '0649106505318', 'cancelRequest': True, 'quantity': 1}]}"
300,"{'orderId': '2466935720', 'dateTimeOrderPlaced': '2019-08-02T22:03:16+02:00', 'orderItems': [{'orderItemId': '2280562916', 'ean': '0669145852754', 'cancelRequest': False, 'quantity': 1}]}"
301,"{'orderId': '2466780110', 'dateTimeOrderPlaced': '2019-08-02T20:27:18+02:00', 'orderItems': [{'orderItemId': '2280513133', 'ean': '0649106506377', 'cancelRequest': False, 'quantity': 1}]}"
302,"{'orderId': '2466777190', 'dateTimeOrderPlaced': '2019-08-02T20:26:10+02:00', 'orderItems': [{'orderItemId': '2280512443', 'ean': '0669145852648', 'cancelRequest': False, 'quantity': 1}]}"
303,"{'orderId': '2466767900', 'dateTimeOrderPlaced': '2019-08-02T20:23:09+02:00', 'orderItems': [{'orderItemId': '2280510957', 'ean': '0649106507862', 'cancelRequest': False, 'quantity': 1}]}"
304,"{'orderId': '2465498790', 'dateTimeOrderPlaced': '2019-08-02T19:46:28+02:00', 'orderItems': [{'orderItemId': '2280493531', 'ean': '0649106511210', 'cancelRequest': False, 'quantity': 1}]}"
305,"{'orderId': '2466651780', 'dateTimeOrderPlaced': '2019-08-02T19:08:22+02:00', 'orderItems': [{'orderItemId': '2280476399', 'ean': '0649106504793', 'cancelRequest': False, 'quantity': 1}]}"
306,"{'orderId': '2324832890', 'dateTimeOrderPlaced': '2019-08-02T18:18:04+02:00', 'orderItems': [{'orderItemId': '2280456100', 'ean': '0669145852525', 'cancelRequest': False, 'quantity': 1}]}"
307,"{'orderId': '2466513940', 'dateTimeOrderPlaced': '2019-08-02T17:31:56+02:00', 'orderItems': [{'orderItemId': '2280437015', 'ean': '0669145852457', 'cancelRequest': False, 'quantity': 1}]}"
308,"{'orderId': '2466492610', 'dateTimeOrderPlaced': '2019-08-02T17:18:25+02:00', 'orderItems': [{'orderItemId': '2280430703', 'ean': '0649106504632', 'cancelRequest': False, 'quantity': 2}]}"
309,"{'orderId': '2466390970', 'dateTimeOrderPlaced': '2019-08-02T16:28:37+02:00', 'orderItems': [{'orderItemId': '2280406433', 'ean': '0649106505653', 'cancelRequest': False, 'quantity': 1}, {'orderItemId': '2280406432', 'ean': '0669145852563', 'cancelRequest': False, 'quantity': 1}]}"
310,"{'orderId': '2466390240', 'dateTimeOrderPlaced': '2019-08-02T16:17:41+02:00', 'orderItems': [{'orderItemId': '2280400860', 'ean': '0649106504816', 'cancelRequest': False, 'quantity': 1}]}"
311,"{'orderId': '2466350990', 'dateTimeOrderPlaced': '2019-08-02T15:54:47+02:00', 'orderItems': [{'orderItemId': '2280390250', 'ean': '0649106504731', 'cancelRequest': False, 'quantity': 1}]}"
312,"{'orderId': '2465560230', 'dateTimeOrderPlaced': '2019-08-02T15:37:11+02:00', 'orderItems': [{'orderItemId': '2280381164', 'ean': '0669145852495', 'cancelRequest': False, 'quantity': 3}]}"
313,"{'orderId': '2466286970', 'dateTimeOrderPlaced': '2019-08-02T15:23:27+02:00', 'orderItems': [{'orderItemId': '2280374120', 'ean': '0649106508401', 'cancelRequest': False, 'quantity': 1}]}"
314,"{'orderId': '2466272920', 'dateTimeOrderPlaced': '2019-08-02T15:11:59+02:00', 'orderItems': [{'orderItemId': '2280368406', 'ean': '0669145852792', 'cancelRequest': False, 'quantity': 1}]}"
315,"{'orderId': '2466244830', 'dateTimeOrderPlaced': '2019-08-02T14:54:46+02:00', 'orderItems': [{'orderItemId': '2280359416', 'ean': '0649106505318', 'cancelRequest': False, 'quantity': 1}]}"
316,"{'orderId': '2466222180', 'dateTimeOrderPlaced': '2019-08-02T14:42:24+02:00', 'orderItems': [{'orderItemId': '2280353367', 'ean': '0669145851733', 'cancelRequest': False, 'quantity': 1}]}"
317,"{'orderId': '2466220250', 'dateTimeOrderPlaced': '2019-08-02T14:41:13+02:00', 'orderItems': [{'orderItemId': '2280352727', 'ean': '0669145851740', 'cancelRequest': False, 'quantity': 1}]}"
318,"{'orderId': '2466164270', 'dateTimeOrderPlaced': '2019-08-02T14:15:30+02:00', 'orderItems': [{'orderItemId': '2280339488', 'ean': '0669145853010', 'cancelRequest': False, 'quantity': 1}]}"
319,"{'orderId': '2422306480', 'dateTimeOrderPlaced': '2019-08-02T14:05:00+02:00', 'orderItems': [{'orderItemId': '2280334081', 'ean': '0649106511234', 'cancelRequest': False, 'quantity': 1}]}"
320,"{'orderId': '2466070720', 'dateTimeOrderPlaced': '2019-08-02T14:03:46+02:00', 'orderItems': [{'orderItemId': '2280333496', 'ean': '0669145853096', 'cancelRequest': False, 'quantity': 1}]}"
321,"{'orderId': '2466139950', 'dateTimeOrderPlaced': '2019-08-02T14:00:39+02:00', 'orderItems': [{'orderItemId': '2280331807', 'ean': '0669145852785', 'cancelRequest': False, 'quantity': 1}]}"
322,"{'orderId': '2466033860', 'dateTimeOrderPlaced': '2019-08-02T12:56:17+02:00', 'orderItems': [{'orderItemId': '2280315820', 'ean': '0649106505196', 'cancelRequest': False, 'quantity': 2}]}"
323,"{'orderId': '2465977930', 'dateTimeOrderPlaced': '2019-08-02T12:47:40+02:00', 'orderItems': [{'orderItemId': '2280294743', 'ean': '0669145852525', 'cancelRequest': False, 'quantity': 1}]}"
324,"{'orderId': '2465911080', 'dateTimeOrderPlaced': '2019-08-02T11:42:22+02:00', 'orderItems': [{'orderItemId': '2280263583', 'ean': '0669145852532', 'cancelRequest': False, 'quantity': 1}]}"
325,"{'orderId': '2465850880', 'dateTimeOrderPlaced': '2019-08-02T11:05:05+02:00', 'orderItems': [{'orderItemId': '2280246281', 'ean': '0669145852280', 'cancelRequest': False, 'quantity': 1}]}"
326,"{'orderId': '2465815320', 'dateTimeOrderPlaced': '2019-08-02T10:47:35+02:00', 'orderItems': [{'orderItemId': '2280238616', 'ean': '0649106504663', 'cancelRequest': False, 'quantity': 1}]}"
327,"{'orderId': '2465502530', 'dateTimeOrderPlaced': '2019-08-02T10:43:27+02:00', 'orderItems': [{'orderItemId': '2280237018', 'ean': '0669145851979', 'cancelRequest': False, 'quantity': 1}]}"
328,"{'orderId': '2465807300', 'dateTimeOrderPlaced': '2019-08-02T10:36:10+02:00', 'orderItems': [{'orderItemId': '2280234124', 'ean': '0669145852785', 'cancelRequest': False, 'quantity': 1}]}"
329,"{'orderId': '2465775710', 'dateTimeOrderPlaced': '2019-08-02T10:13:57+02:00', 'orderItems': [{'orderItemId': '2280225515', 'ean': '0649106505233', 'cancelRequest': False, 'quantity': 1}]}"
330,"{'orderId': '2465713410', 'dateTimeOrderPlaced': '2019-08-02T09:25:52+02:00', 'orderItems': [{'orderItemId': '2280208432', 'ean': '0649106505332', 'cancelRequest': False, 'quantity': 1}]}"
331,"{'orderId': '2465669800', 'dateTimeOrderPlaced': '2019-08-02T08:35:23+02:00', 'orderItems': [{'orderItemId': '2280195298', 'ean': '0649106511135', 'cancelRequest': False, 'quantity': 1}]}"
332,"{'orderId': '2465577270', 'dateTimeOrderPlaced': '2019-08-02T00:31:27+02:00', 'orderItems': [{'orderItemId': '2280169715', 'ean': '0669145852792', 'cancelRequest': False, 'quantity': 1}]}"
333,"{'orderId': '2465518680', 'dateTimeOrderPlaced': '2019-08-01T23:31:39+02:00', 'orderItems': [{'orderItemId': '2280154142', 'ean': '0669145853058', 'cancelRequest': False, 'quantity': 1}]}"
334,"{'orderId': '2465512310', 'dateTimeOrderPlaced': '2019-08-01T23:20:46+02:00', 'orderItems': [{'orderItemId': '2280149668', 'ean': '0669145853096', 'cancelRequest': False, 'quantity': 1}]}"
335,"{'orderId': '2465441370', 'dateTimeOrderPlaced': '2019-08-01T22:42:25+02:00', 'orderItems': [{'orderItemId': '2280129403', 'ean': '0649106504663', 'cancelRequest': False, 'quantity': 1}]}"
336,"{'orderId': '2465440310', 'dateTimeOrderPlaced': '2019-08-01T22:41:15+02:00', 'orderItems': [{'orderItemId': '2280128721', 'ean': '0669145852006', 'cancelRequest': False, 'quantity': 1}]}"
337,"{'orderId': '2465441140', 'dateTimeOrderPlaced': '2019-08-01T22:41:14+02:00', 'orderItems': [{'orderItemId': '2280128715', 'ean': '0669145852549', 'cancelRequest': False, 'quantity': 1}]}"
338,"{'orderId': '2465400800', 'dateTimeOrderPlaced': '2019-08-01T22:19:07+02:00', 'orderItems': [{'orderItemId': '2280114677', 'ean': '0669145853065', 'cancelRequest': False, 'quantity': 1}]}"
339,"{'orderId': '2465397010', 'dateTimeOrderPlaced': '2019-08-01T22:17:38+02:00', 'orderItems': [{'orderItemId': '2280113622', 'ean': '0669145852464', 'cancelRequest': False, 'quantity': 1}]}"
340,"{'orderId': '2465368700', 'dateTimeOrderPlaced': '2019-08-01T22:05:33+02:00', 'orderItems': [{'orderItemId': '2280105431', 'ean': '0669145852495', 'cancelRequest': False, 'quantity': 1}]}"
341,"{'orderId': '2465368130', 'dateTimeOrderPlaced': '2019-08-01T22:03:54+02:00', 'orderItems': [{'orderItemId': '2280104205', 'ean': '0649106504809', 'cancelRequest': False, 'quantity': 1}]}"
342,"{'orderId': '2465348040', 'dateTimeOrderPlaced': '2019-08-01T21:55:41+02:00', 'orderItems': [{'orderItemId': '2280098288', 'ean': '0669145851740', 'cancelRequest': False, 'quantity': 1}]}"
343,"{'orderId': '2465338780', 'dateTimeOrderPlaced': '2019-08-01T21:51:06+02:00', 'orderItems': [{'orderItemId': '2280094862', 'ean': '0649106504878', 'cancelRequest': False, 'quantity': 1}]}"
344,"{'orderId': '2465288380', 'dateTimeOrderPlaced': '2019-08-01T21:30:24+02:00', 'orderItems': [{'orderItemId': '2280080204', 'ean': '0669145852525', 'cancelRequest': False, 'quantity': 1}]}"
345,"{'orderId': '2465254740', 'dateTimeOrderPlaced': '2019-08-01T21:17:06+02:00', 'orderItems': [{'orderItemId': '2280070985', 'ean': '0669145852754', 'cancelRequest': False, 'quantity': 1}]}"
346,"{'orderId': '2465199340', 'dateTimeOrderPlaced': '2019-08-01T20:51:15+02:00', 'orderItems': [{'orderItemId': '2280053555', 'ean': '0669145852518', 'cancelRequest': False, 'quantity': 1}]}"
347,"{'orderId': '2465182810', 'dateTimeOrderPlaced': '2019-08-01T20:48:54+02:00', 'orderItems': [{'orderItemId': '2280051853', 'ean': '0649106510367', 'cancelRequest': False, 'quantity': 1}]}"
348,"{'orderId': '2465169210', 'dateTimeOrderPlaced': '2019-08-01T20:37:51+02:00', 'orderItems': [{'orderItemId': '2280044831', 'ean': '0649106505660', 'cancelRequest': False, 'quantity': 1}, {'orderItemId': '2280044830', 'ean': '0649106505684', 'cancelRequest': False, 'quantity': 2}]}"
349,"{'orderId': '2465161910', 'dateTimeOrderPlaced': '2019-08-01T20:34:35+02:00', 'orderItems': [{'orderItemId': '2280042765', 'ean': '0649106504687', 'cancelRequest': False, 'quantity': 1}]}"
350,"{'orderId': '2465151460', 'dateTimeOrderPlaced': '2019-08-01T20:30:15+02:00', 'orderItems': [{'orderItemId': '2280040089', 'ean': '0669145852518', 'cancelRequest': False, 'quantity': 1}]}"
351,"{'orderId': '2465101360', 'dateTimeOrderPlaced': '2019-08-01T20:30:04+02:00', 'orderItems': [{'orderItemId': '2280039834', 'ean': '0649106510114', 'cancelRequest': False, 'quantity': 2}]}"
352,"{'orderId': '2463687280', 'dateTimeOrderPlaced': '2019-08-01T19:58:19+02:00', 'orderItems': [{'orderItemId': '2280020622', 'ean': '0649106504656', 'cancelRequest': False, 'quantity': 1}]}"
353,"{'orderId': '2465078520', 'dateTimeOrderPlaced': '2019-08-01T19:53:25+02:00', 'orderItems': [{'orderItemId': '2280017843', 'ean': '0649106503543', 'cancelRequest': False, 'quantity': 1}]}"
354,"{'orderId': '2465059690', 'dateTimeOrderPlaced': '2019-08-01T19:43:45+02:00', 'orderItems': [{'orderItemId': '2280012515', 'ean': '0669145852235', 'cancelRequest': False, 'quantity': 2}]}"
355,"{'orderId': '2464949280', 'dateTimeOrderPlaced': '2019-08-01T18:43:05+02:00', 'orderItems': [{'orderItemId': '2279982328', 'ean': '0669145852747', 'cancelRequest': False, 'quantity': 2}, {'orderItemId': '2279982327', 'ean': '0669145852044', 'cancelRequest': False, 'quantity': 4}]}"
356,"{'orderId': '2464946000', 'dateTimeOrderPlaced': '2019-08-01T18:38:39+02:00', 'orderItems': [{'orderItemId': '2279980249', 'ean': '0669145852280', 'cancelRequest': False, 'quantity': 1}]}"
357,"{'orderId': '2464938650', 'dateTimeOrderPlaced': '2019-08-01T18:35:20+02:00', 'orderItems': [{'orderItemId': '2279978775', 'ean': '0649106504762', 'cancelRequest': False, 'quantity': 2}]}"
358,"{'orderId': '2464914370', 'dateTimeOrderPlaced': '2019-08-01T18:24:59+02:00', 'orderItems': [{'orderItemId': '2279974137', 'ean': '0669145853041', 'cancelRequest': False, 'quantity': 1}]}"
359,"{'orderId': '2366831300', 'dateTimeOrderPlaced': '2019-08-01T18:19:50+02:00', 'orderItems': [{'orderItemId': '2279971767', 'ean': '0669145852549', 'cancelRequest': False, 'quantity': 1}]}"
360,"{'orderId': '2464757790', 'dateTimeOrderPlaced': '2019-08-01T16:46:57+02:00', 'orderItems': [{'orderItemId': '2279928113', 'ean': '0669145852785', 'cancelRequest': False, 'quantity': 1}]}"
361,"{'orderId': '2464736430', 'dateTimeOrderPlaced': '2019-08-01T16:35:02+02:00', 'orderItems': [{'orderItemId': '2279921882', 'ean': '0649106504663', 'cancelRequest': False, 'quantity': 1}]}"
362,"{'orderId': '2464620030', 'dateTimeOrderPlaced': '2019-08-01T15:29:19+02:00', 'orderItems': [{'orderItemId': '2279888205', 'ean': '0669145852792', 'cancelRequest': False, 'quantity': 1}]}"
363,"{'orderId': '2464534930', 'dateTimeOrderPlaced': '2019-08-01T14:40:08+02:00', 'orderItems': [{'orderItemId': '2279863519', 'ean': '0669145852464', 'cancelRequest': False, 'quantity': 1}]}"
364,"{'orderId': '2464510890', 'dateTimeOrderPlaced': '2019-08-01T14:27:09+02:00', 'orderItems': [{'orderItemId': '2279856463', 'ean': '0669145852785', 'cancelRequest': False, 'quantity': 1}]}"
365,"{'orderId': '2464490600', 'dateTimeOrderPlaced': '2019-08-01T14:16:34+02:00', 'orderItems': [{'orderItemId': '2279851090', 'ean': '0649106509897', 'cancelRequest': False, 'quantity': 1}]}"
366,"{'orderId': '2464487550', 'dateTimeOrderPlaced': '2019-08-01T14:12:35+02:00', 'orderItems': [{'orderItemId': '2279849038', 'ean': '0649106511227', 'cancelRequest': False, 'quantity': 1}]}"
367,"{'orderId': '2464056580', 'dateTimeOrderPlaced': '2019-08-01T10:02:34+02:00', 'orderItems': [{'orderItemId': '2279724043', 'ean': '0669145852563', 'cancelRequest': False, 'quantity': 1}]}"
368,"{'orderId': '2464037070', 'dateTimeOrderPlaced': '2019-08-01T09:50:50+02:00', 'orderItems': [{'orderItemId': '2279718951', 'ean': '0669145852792', 'cancelRequest': False, 'quantity': 1}]}"
369,"{'orderId': '2463986040', 'dateTimeOrderPlaced': '2019-08-01T09:06:16+02:00', 'orderItems': [{'orderItemId': '2279703223', 'ean': '0669145852785', 'cancelRequest': False, 'quantity': 1}]}"
370,"{'orderId': '2463944840', 'dateTimeOrderPlaced': '2019-08-01T08:31:23+02:00', 'orderItems': [{'orderItemId': '2279694280', 'ean': '0669145852785', 'cancelRequest': False, 'quantity': 1}]}"
371,"{'orderId': '2463937870', 'dateTimeOrderPlaced': '2019-08-01T08:14:12+02:00', 'orderItems': [{'orderItemId': '2279690676', 'ean': '0669145856684', 'cancelRequest': False, 'quantity': 1}, {'orderItemId': '2279690674', 'ean': '0649106504724', 'cancelRequest': False, 'quantity': 1}]}"
372,"{'orderId': '2463843560', 'dateTimeOrderPlaced': '2019-08-01T00:08:57+02:00', 'orderItems': [{'orderItemId': '2279663389', 'ean': '0669145852792', 'cancelRequest': False, 'quantity': 1}]}"
373,"{'orderId': '2463756700', 'dateTimeOrderPlaced': '2019-07-31T23:10:38+02:00', 'orderItems': [{'orderItemId': '2279636295', 'ean': '0669145853058', 'cancelRequest': False, 'quantity': 1}]}"
374,"{'orderId': '2463649520', 'dateTimeOrderPlaced': '2019-07-31T22:19:03+02:00', 'orderItems': [{'orderItemId': '2279599109', 'ean': '0669145851856', 'cancelRequest': False, 'quantity': 1}]}"
375,"{'orderId': '2463615510', 'dateTimeOrderPlaced': '2019-07-31T22:05:49+02:00', 'orderItems': [{'orderItemId': '2279588377', 'ean': '0669145851986', 'cancelRequest': False, 'quantity': 1}]}"
376,"{'orderId': '2463572600', 'dateTimeOrderPlaced': '2019-07-31T21:49:09+02:00', 'orderItems': [{'orderItemId': '2279573392', 'ean': '0669145852785', 'cancelRequest': False, 'quantity': 1}]}"
377,"{'orderId': '2463470170', 'dateTimeOrderPlaced': '2019-07-31T21:12:10+02:00', 'orderItems': [{'orderItemId': '2279541444', 'ean': '0649106504762', 'cancelRequest': False, 'quantity': 1}]}"
378,"{'orderId': '2463350640', 'dateTimeOrderPlaced': '2019-07-31T20:49:16+02:00', 'orderItems': [{'orderItemId': '2279522490', 'ean': '0669145852785', 'cancelRequest': False, 'quantity': 1}]}"
379,"{'orderId': '2463039320', 'dateTimeOrderPlaced': '2019-07-31T20:04:18+02:00', 'orderItems': [{'orderItemId': '2279487993', 'ean': '0669145852013', 'cancelRequest': False, 'quantity': 1}]}"
380,"{'orderId': '2463297720', 'dateTimeOrderPlaced': '2019-07-31T20:03:27+02:00', 'orderItems': [{'orderItemId': '2279487285', 'ean': '0669145851894', 'cancelRequest': False, 'quantity': 1}]}"
381,"{'orderId': '2463231330', 'dateTimeOrderPlaced': '2019-07-31T19:35:34+02:00', 'orderItems': [{'orderItemId': '2279468067', 'ean': '0649106504793', 'cancelRequest': False, 'quantity': 1}]}"
382,"{'orderId': '2463231330', 'dateTimeOrderPlaced': '2019-07-31T19:35:34+02:00', 'orderItems': [{'orderItemId': '2279468066', 'ean': '0669145852518', 'cancelRequest': False, 'quantity': 1}]}"
383,"{'orderId': '2463147620', 'dateTimeOrderPlaced': '2019-07-31T18:54:19+02:00', 'orderItems': [{'orderItemId': '2279442998', 'ean': '0669145852785', 'cancelRequest': False, 'quantity': 1}]}"
384,"{'orderId': '2463045330', 'dateTimeOrderPlaced': '2019-07-31T18:01:31+02:00', 'orderItems': [{'orderItemId': '2279413965', 'ean': '0649106508883', 'cancelRequest': False, 'quantity': 1}]}"
385,"{'orderId': '2462985280', 'dateTimeOrderPlaced': '2019-07-31T17:28:45+02:00', 'orderItems': [{'orderItemId': '2279395708', 'ean': '0669145852792', 'cancelRequest': False, 'quantity': 2}]}"
386,"{'orderId': '2462969820', 'dateTimeOrderPlaced': '2019-07-31T17:20:13+02:00', 'orderItems': [{'orderItemId': '2279390833', 'ean': '0669145853133', 'cancelRequest': False, 'quantity': 1}]}"
387,"{'orderId': '2438344390', 'dateTimeOrderPlaced': '2019-07-31T17:08:25+02:00', 'orderItems': [{'orderItemId': '2279384109', 'ean': '0669145853041', 'cancelRequest': False, 'quantity': 1}, {'orderItemId': '2279384106', 'ean': '0649106505134', 'cancelRequest': False, 'quantity': 5}]}"
388,"{'orderId': '2462829280', 'dateTimeOrderPlaced': '2019-07-31T16:14:38+02:00', 'orderItems': [{'orderItemId': '2279350702', 'ean': '0649106504694', 'cancelRequest': False, 'quantity': 2}, {'orderItemId': '2279350700', 'ean': '0669145852563', 'cancelRequest': False, 'quantity': 1}]}"
389,"{'orderId': '2462471890', 'dateTimeOrderPlaced': '2019-07-31T13:20:13+02:00', 'orderItems': [{'orderItemId': '2279241252', 'ean': '0649106504809', 'cancelRequest': False, 'quantity': 1}]}"
390,"{'orderId': '2462415010', 'dateTimeOrderPlaced': '2019-07-31T12:57:53+02:00', 'orderItems': [{'orderItemId': '2279227505', 'ean': '0669145852471', 'cancelRequest': False, 'quantity': 1}]}"
391,"{'orderId': '2462417940', 'dateTimeOrderPlaced': '2019-07-31T12:54:17+02:00', 'orderItems': [{'orderItemId': '2279225459', 'ean': '0649106505158', 'cancelRequest': False, 'quantity': 2}]}"
392,"{'orderId': '2462386450', 'dateTimeOrderPlaced': '2019-07-31T12:39:09+02:00', 'orderItems': [{'orderItemId': '2279216313', 'ean': '0649106504793', 'cancelRequest': False, 'quantity': 1}]}"
393,"{'orderId': '2457628810', 'dateTimeOrderPlaced': '2019-07-31T11:50:04+02:00', 'orderItems': [{'orderItemId': '2279187908', 'ean': '0669145852785', 'cancelRequest': False, 'quantity': 1}]}"
394,"{'orderId': '2462253530', 'dateTimeOrderPlaced': '2019-07-31T11:30:34+02:00', 'orderItems': [{'orderItemId': '2279176231', 'ean': '0669145851986', 'cancelRequest': False, 'quantity': 1}]}"
395,"{'orderId': '2462196760', 'dateTimeOrderPlaced': '2019-07-31T11:02:58+02:00', 'orderItems': [{'orderItemId': '2279159669', 'ean': '0649106504816', 'cancelRequest': False, 'quantity': 1}]}"
396,"{'orderId': '2462044730', 'dateTimeOrderPlaced': '2019-07-31T09:30:58+02:00', 'orderItems': [{'orderItemId': '2279113409', 'ean': '0669145853058', 'cancelRequest': False, 'quantity': 1}]}"
397,"{'orderId': '2461904660', 'dateTimeOrderPlaced': '2019-07-31T04:31:46+02:00', 'orderItems': [{'orderItemId': '2279074263', 'ean': '0649106504618', 'cancelRequest': False, 'quantity': 1}]}"
398,"{'orderId': '2461848800', 'dateTimeOrderPlaced': '2019-07-31T00:20:03+02:00', 'orderItems': [{'orderItemId': '2279061731', 'ean': '0669145852785', 'cancelRequest': False, 'quantity': 1}]}"
399,"{'orderId': '2461830790', 'dateTimeOrderPlaced': '2019-07-31T00:01:46+02:00', 'orderItems': [{'orderItemId': '2279058238', 'ean': '0669145851962', 'cancelRequest': False, 'quantity': 2}]}"
400,"{'orderId': '2461795160', 'dateTimeOrderPlaced': '2019-07-30T23:18:37+02:00', 'orderItems': [{'orderItemId': '2279039494', 'ean': '0649106504809', 'cancelRequest': False, 'quantity': 1}]}"
401,"{'orderId': '2461671570', 'dateTimeOrderPlaced': '2019-07-30T22:23:03+02:00', 'orderItems': [{'orderItemId': '2279002991', 'ean': '0649106504748', 'cancelRequest': False, 'quantity': 1}, {'orderItemId': '2279002990', 'ean': '0649106504724', 'cancelRequest': False, 'quantity': 1}]}"
402,"{'orderId': '2461679610', 'dateTimeOrderPlaced': '2019-07-30T22:21:47+02:00', 'orderItems': [{'orderItemId': '2279002052', 'ean': '0649106504809', 'cancelRequest': False, 'quantity': 1}]}"
403,"{'orderId': '2461617070', 'dateTimeOrderPlaced': '2019-07-30T21:56:35+02:00', 'orderItems': [{'orderItemId': '2278982104', 'ean': '0669145852280', 'cancelRequest': False, 'quantity': 1}]}"
404,"{'orderId': '2461582510', 'dateTimeOrderPlaced': '2019-07-30T21:47:25+02:00', 'orderItems': [{'orderItemId': '2278974442', 'ean': '0649106504816', 'cancelRequest': False, 'quantity': 1}]}"
405,"{'orderId': '2457545170', 'dateTimeOrderPlaced': '2019-07-30T20:44:43+02:00', 'orderItems': [{'orderItemId': '2278923341', 'ean': '0649106504649', 'cancelRequest': False, 'quantity': 1}]}"
406,"{'orderId': '2461363240', 'dateTimeOrderPlaced': '2019-07-30T20:14:55+02:00', 'orderItems': [{'orderItemId': '2278901549', 'ean': '0669145852556', 'cancelRequest': False, 'quantity': 1}]}"
407,"{'orderId': '2461227910', 'dateTimeOrderPlaced': '2019-07-30T19:13:55+02:00', 'orderItems': [{'orderItemId': '2278863254', 'ean': '0649106504878', 'cancelRequest': False, 'quantity': 1}]}"
408,"{'orderId': '2461149230', 'dateTimeOrderPlaced': '2019-07-30T18:24:02+02:00', 'orderItems': [{'orderItemId': '2278836914', 'ean': '0649106504809', 'cancelRequest': False, 'quantity': 1}]}"
409,"{'orderId': '2461053960', 'dateTimeOrderPlaced': '2019-07-30T17:30:21+02:00', 'orderItems': [{'orderItemId': '2278810248', 'ean': '0669145852747', 'cancelRequest': False, 'quantity': 1}]}"
410,"{'orderId': '2460992100', 'dateTimeOrderPlaced': '2019-07-30T16:55:39+02:00', 'orderItems': [{'orderItemId': '2278791012', 'ean': '0669145852785', 'cancelRequest': False, 'quantity': 1}]}"
411,"{'orderId': '2460895940', 'dateTimeOrderPlaced': '2019-07-30T16:05:26+02:00', 'orderItems': [{'orderItemId': '2278762282', 'ean': '0669145852785', 'cancelRequest': False, 'quantity': 1}]}"
412,"{'orderId': '2439864990', 'dateTimeOrderPlaced': '2019-07-30T15:20:15+02:00', 'orderItems': [{'orderItemId': '2278736363', 'ean': '0669145852143', 'cancelRequest': False, 'quantity': 1}]}"
413,"{'orderId': '2460619530', 'dateTimeOrderPlaced': '2019-07-30T14:10:08+02:00', 'orderItems': [{'orderItemId': '2278696806', 'ean': '0649106504717', 'cancelRequest': False, 'quantity': 1}]}"
414,"{'orderId': '2460518480', 'dateTimeOrderPlaced': '2019-07-30T12:48:42+02:00', 'orderItems': [{'orderItemId': '2278650482', 'ean': '0669145852525', 'cancelRequest': True, 'quantity': 1}]}"
415,"{'orderId': '2460459990', 'dateTimeOrderPlaced': '2019-07-30T12:17:35+02:00', 'orderItems': [{'orderItemId': '2278634055', 'ean': '0669145852785', 'cancelRequest': False, 'quantity': 1}]}"
416,"{'orderId': '2460460920', 'dateTimeOrderPlaced': '2019-07-30T12:16:59+02:00', 'orderItems': [{'orderItemId': '2278633751', 'ean': '0669145853058', 'cancelRequest': False, 'quantity': 1}]}"
417,"{'orderId': '2460258020', 'dateTimeOrderPlaced': '2019-07-30T10:23:48+02:00', 'orderItems': [{'orderItemId': '2278566200', 'ean': '0649106504663', 'cancelRequest': True, 'quantity': 1}]}"
418,"{'orderId': '2460190140', 'dateTimeOrderPlaced': '2019-07-30T09:44:26+02:00', 'orderItems': [{'orderItemId': '2278539347', 'ean': '0649106504809', 'cancelRequest': False, 'quantity': 1}]}"
419,"{'orderId': '2460069580', 'dateTimeOrderPlaced': '2019-07-30T07:37:15+02:00', 'orderItems': [{'orderItemId': '2278483326', 'ean': '0649106504816', 'cancelRequest': False, 'quantity': 1}]}"
420,"{'orderId': '2459998000', 'dateTimeOrderPlaced': '2019-07-30T00:27:41+02:00', 'orderItems': [{'orderItemId': '2278452366', 'ean': '0649106504663', 'cancelRequest': False, 'quantity': 1}]}"
421,"{'orderId': '2459782240', 'dateTimeOrderPlaced': '2019-07-29T22:16:27+02:00', 'orderItems': [{'orderItemId': '2278349316', 'ean': '0669145851894', 'cancelRequest': False, 'quantity': 1}]}"
422,"{'orderId': '2459753660', 'dateTimeOrderPlaced': '2019-07-29T22:10:19+02:00', 'orderItems': [{'orderItemId': '2278341664', 'ean': '0669145852556', 'cancelRequest': False, 'quantity': 1}]}"
423,"{'orderId': '2459727580', 'dateTimeOrderPlaced': '2019-07-29T21:54:33+02:00', 'orderItems': [{'orderItemId': '2278320905', 'ean': '0649106503536', 'cancelRequest': False, 'quantity': 1}, {'orderItemId': '2278320904', 'ean': '0669145853041', 'cancelRequest': False, 'quantity': 1}]}"
424,"{'orderId': '2456217900', 'dateTimeOrderPlaced': '2019-07-29T21:10:45+02:00', 'orderItems': [{'orderItemId': '2278264120', 'ean': '0649106504663', 'cancelRequest': False, 'quantity': 1}]}"
425,"{'orderId': '2459564920', 'dateTimeOrderPlaced': '2019-07-29T20:56:56+02:00', 'orderItems': [{'orderItemId': '2278246626', 'ean': '0669145852785', 'cancelRequest': False, 'quantity': 1}]}"
426,"{'orderId': '2459556190', 'dateTimeOrderPlaced': '2019-07-29T20:51:03+02:00', 'orderItems': [{'orderItemId': '2278239411', 'ean': '0669145852747', 'cancelRequest': True, 'quantity': 1}]}"
427,"{'orderId': '2459543620', 'dateTimeOrderPlaced': '2019-07-29T20:47:16+02:00', 'orderItems': [{'orderItemId': '2278234597', 'ean': '0669145853058', 'cancelRequest': False, 'quantity': 1}]}"
428,"{'orderId': '2459521830', 'dateTimeOrderPlaced': '2019-07-29T20:38:52+02:00', 'orderItems': [{'orderItemId': '2278224467', 'ean': '0669145853058', 'cancelRequest': False, 'quantity': 1}]}"
429,"{'orderId': '2459361890', 'dateTimeOrderPlaced': '2019-07-29T19:29:20+02:00', 'orderItems': [{'orderItemId': '2278150820', 'ean': '0669145853058', 'cancelRequest': True, 'quantity': 1}]}"
430,"{'orderId': '2459261050', 'dateTimeOrderPlaced': '2019-07-29T18:37:11+02:00', 'orderItems': [{'orderItemId': '2278105973', 'ean': '0649106504878', 'cancelRequest': False, 'quantity': 1}]}"
431,"{'orderId': '2458925320', 'dateTimeOrderPlaced': '2019-07-29T15:43:43+02:00', 'orderItems': [{'orderItemId': '2277958168', 'ean': '0669145852747', 'cancelRequest': False, 'quantity': 2}]}"
432,"{'orderId': '2423373720', 'dateTimeOrderPlaced': '2019-07-29T13:59:44+02:00', 'orderItems': [{'orderItemId': '2277864693', 'ean': '0669145852792', 'cancelRequest': False, 'quantity': 1}]}"
433,"{'orderId': '2458649490', 'dateTimeOrderPlaced': '2019-07-29T13:25:20+02:00', 'orderItems': [{'orderItemId': '2277833456', 'ean': '0669145852273', 'cancelRequest': False, 'quantity': 1}]}"
434,"{'orderId': '2458310960', 'dateTimeOrderPlaced': '2019-07-29T10:25:18+02:00', 'orderItems': [{'orderItemId': '2277683151', 'ean': '0669145852617', 'cancelRequest': True, 'quantity': 1}, {'orderItemId': '2277683150', 'ean': '0649106506469', 'cancelRequest': True, 'quantity': 1}]}"
435,"{'orderId': '2311531020', 'dateTimeOrderPlaced': '2019-07-29T10:13:59+02:00', 'orderItems': [{'orderItemId': '2277675285', 'ean': '0669145853058', 'cancelRequest': False, 'quantity': 1}]}"
436,"{'orderId': '2458291330', 'dateTimeOrderPlaced': '2019-07-29T10:11:51+02:00', 'orderItems': [{'orderItemId': '2277673884', 'ean': '0649106504816', 'cancelRequest': False, 'quantity': 1}]}"
437,"{'orderId': '2458203210', 'dateTimeOrderPlaced': '2019-07-29T09:10:10+02:00', 'orderItems': [{'orderItemId': '2277636957', 'ean': '0669145853058', 'cancelRequest': False, 'quantity': 1}]}"
438,"{'orderId': '2458190490', 'dateTimeOrderPlaced': '2019-07-29T08:58:24+02:00', 'orderItems': [{'orderItemId': '2277631186', 'ean': '0649106507787', 'cancelRequest': False, 'quantity': 1}]}"
439,"{'orderId': '2458173620', 'dateTimeOrderPlaced': '2019-07-29T08:44:00+02:00', 'orderItems': [{'orderItemId': '2277624786', 'ean': '0669145851788', 'cancelRequest': False, 'quantity': 1}]}"
440,"{'orderId': '2457854350', 'dateTimeOrderPlaced': '2019-07-28T22:17:24+02:00', 'orderItems': [{'orderItemId': '2277491072', 'ean': '0669145853058', 'cancelRequest': False, 'quantity': 1}]}"
441,"{'orderId': '2457823770', 'dateTimeOrderPlaced': '2019-07-28T21:45:52+02:00', 'orderItems': [{'orderItemId': '2277456543', 'ean': '0669145851948', 'cancelRequest': False, 'quantity': 1}]}"
442,"{'orderId': '2457485420', 'dateTimeOrderPlaced': '2019-07-28T19:16:24+02:00', 'orderItems': [{'orderItemId': '2277302911', 'ean': '0669145851962', 'cancelRequest': False, 'quantity': 2}]}"
443,"{'orderId': '2457475000', 'dateTimeOrderPlaced': '2019-07-28T18:59:27+02:00', 'orderItems': [{'orderItemId': '2277289499', 'ean': '0669145851689', 'cancelRequest': False, 'quantity': 1}]}"
444,"{'orderId': '2457445780', 'dateTimeOrderPlaced': '2019-07-28T18:43:47+02:00', 'orderItems': [{'orderItemId': '2277277758', 'ean': '0669145852785', 'cancelRequest': False, 'quantity': 1}]}"
445,"{'orderId': '2457371350', 'dateTimeOrderPlaced': '2019-07-28T17:56:43+02:00', 'orderItems': [{'orderItemId': '2277242843', 'ean': '0669145853058', 'cancelRequest': False, 'quantity': 1}]}"
446,"{'orderId': '2457241150', 'dateTimeOrderPlaced': '2019-07-28T16:49:48+02:00', 'orderItems': [{'orderItemId': '2277191025', 'ean': '0669145853058', 'cancelRequest': False, 'quantity': 1}]}"
447,"{'orderId': '2456984190', 'dateTimeOrderPlaced': '2019-07-28T14:19:17+02:00', 'orderItems': [{'orderItemId': '2277062965', 'ean': '0669145853058', 'cancelRequest': True, 'quantity': 1}]}"
448,"{'orderId': '2456329860', 'dateTimeOrderPlaced': '2019-07-27T23:17:22+02:00', 'orderItems': [{'orderItemId': '2276766049', 'ean': '0669145851962', 'cancelRequest': False, 'quantity': 1}]}"
449,"{'orderId': '2455940660', 'dateTimeOrderPlaced': '2019-07-27T18:00:05+02:00', 'orderItems': [{'orderItemId': '2276579318', 'ean': '0669145853058', 'cancelRequest': False, 'quantity': 1}]}"
450,"{'orderId': '2455734520', 'dateTimeOrderPlaced': '2019-07-27T15:43:41+02:00', 'orderItems': [{'orderItemId': '2276492163', 'ean': '0669145853058', 'cancelRequest': False, 'quantity': 1}]}"
451,"{'orderId': '2455462320', 'dateTimeOrderPlaced': '2019-07-27T12:49:17+02:00', 'orderItems': [{'orderItemId': '2276370051', 'ean': '0669145853058', 'cancelRequest': False, 'quantity': 1}]}"
452,"{'orderId': '2455361380', 'dateTimeOrderPlaced': '2019-07-27T11:40:51+02:00', 'orderItems': [{'orderItemId': '2276325172', 'ean': '0649106505721', 'cancelRequest': False, 'quantity': 2}]}"
